seq_index,nt_sequence,gene_choice_v,gene_choice_j,gene_choice_d
0,GATGCTGAAATCACCCAGAGCCCAAGACACAAGATCACAGAGACAGGAAGGCAGGTGACCTTGGCGTGTCACCAGACTTGGAACCACAACAATATGTTCTGGTATCGACAAGACCTGGGACATGGGCTGAGGCTGATCCATTACTCATATGGTGTTCAAGACACTAACAAAGGAGAAGTCTCAGATGGCTACAGTGTCTCTAGATCAAACACAGAGGACCTCCCCCTCACTCTGGAGTCTGCTGCCTCCTCCCAGACATCTGTATATTTCTGCGCCAGCACTGAGGGGGGGCCGGAAGCTCCTACAATGAGCAGTTCTTCGGGCCAGGGACACGGCTCACCGTGCTAG,TRBV10-1*01,TRBJ2-1*01, TRBD2*02
1,GATGCTGGAGTTATCCAGTCACCCCGCCATGAGGTGACAGAGATGGGACAAGAAGTGACTCTGAGATGTAAACCAATTTCAGGCCACAACTCCCTTTTCTGGTACAGACAGACCATGATGCGGGGACTGGAGTTGCTCATTTACTTTAACAACAACGTTCCGATAGATGATTCAGGGATGCCCGAGGATCGATTCTCAGCTAAGATGCCTAATGCATCATTCTCCACTCTGAAGATCCAGCCCTCAGAACCCAGGGACTCAGCTGTGTACTTCTGTGCCAGCAGATGGTACCGGGACAGGGCCGACTTTCTTTGGACAAGGCACCAGACTCACAGTTGTAG,TRBV12-3*01,TRBJ1-1*01, TRBD1*01
2,GGTGCTGGAGTCTCCCAGACCCCCAGTAACAAGGTCACAGAGAAGGGAAAATATGTAGAGCTCAGGTGTGATCCAATTTCAGGTCATACTGCCCTTTACTGGTACCGACAAAGCCTGGGGCAGGGCCCAGAGTTTCTAATTTACTTCCAAGGCACGGGTGCGGCAGATGACTCAGGGCTGCCCAACGATCGGTTCTTTGCAGTCAGGCCTGAGGGATCCGTCTCTACTCTGAAGATCCAGCGCACAGAGCGGGGGGACTCAGCCGTGTATCTCTGTGCCAGCAGCGACAGGGCGACGAGATACGCAGTATTTTGGCCCAGGCACCCGGCTGACAGTGCTCG,TRBV7-3*01,TRBJ2-3*01, TRBD1*01
3,ACTGAAGTTACCCAGACACCAAAACACCTGGTCATGGGAATGACAAATAAGAAGTCTTTGAAATGTGAACAACATATGGGGCACAGGGCTATGTATTGGTACAAGCAGAAAGCTAAGAAGCCACCGGAGCTCATGTTTGTCTACAGCTATGAGAAACTCTCTATAAATGAAAGTGTGCCAAGTCGCTTCTCACCTGAATGCCCCAACAGCTCTCTCTTAAACCTTCACCTACACGCCCTGCAGCCAGAAGACTCAGCCCTGTATCTCTGCGCCAGCAGCCAAGGGGGGTTAAGGGAGGCACACAATGAGCAGTTCTTCGGGCCAGGGACACGGCTCACCGTGCTAG,TRBV4-1*01,TRBJ2-1*01, TRBD2*02
4,GATGTGAAAGTAACCCAGAGCTCGAGATATCTAGTCAAAAGGACGGGAGAGAAAGTTTTTCTGGAATGTGTCCAGGATATGGACCATGAAAATATGTTCTGGTATCGACAAGACCCAGGTCTGGGGCTACGGCTGATCTATTTCTCATATGATGTTAAAATGAAAGAAAAAGGAGATATTCCTGAGGGGTACAGTGTCTCTAGAGAGAAGAAGGAGCGCTTCTCCCTGATTCTGGAGTCCGCCAGCACCAACCAGACATCTATGTACCTCTGTGCCAGCAGTAAGGCGTGGTACAATGAGCAGTTCTTCGGGCCAGGGACACGGCTCACCGTGCTAG,TRBV28*01,TRBJ2-1*01, TRBD2*02
5,AATGCTGGTGTCACTCAGACCCCAAAATTCCAGGTCCTGAAGACAGGACAGAGCATGACACTGCAGTGTGCCCAGGATATGAACCATGAATACATGTCCTGGTATCGACAAGACCCAGGCATGGGGCTGAGGCTGATTCATTACTCAGTTGGTGCTGGTATCACTGACCAAGGAGAAGTCCCCAATGGCTACAATGTCTCCAGATCAACCACAGAGGATTTCCCGCTCAGGCTGCTGTCGGCTGCTCCCTCCCAGACATCTGTGTACTTCTGTGCCAGCAGTTACTCCCTCAGGCGGTCCCAATCAGCCCCAGCATTTTGGTGATGGGACTCGACTCTCCATCCTAG,TRBV6-5*01,TRBJ1-5*01, TRBD1*01
6,ACAGCTGTTTCCCAGACTCCAAAATACCTGGTCACACAGATGGGAAACGACAAGTCCATTAAATGTGAACAAAATCTGGGCCATGATACTATGTATTGGTATAAACAGGACTCTAAGAAATTTCTGAAGATAATGTTTAGCTACAATAATAAGGAGCTCATTATAAATGAAACAGTTCCAAATCGCTTCTCACCTAAATCTCCAGACAAAGCTCACTTAAATCTTCACATCAATTCCCTGGAGCTTGGTGACTCTGCTGTGTATTTCTGTGCCAGCAGCCAAGAGAGGGGGGTAGACCCAGTACTTCGGGCCAGGCACGCGGCTCCTGGTGCTCG,TRBV3-1*01,TRBJ2-5*01, TRBD2*01
7,GATGCTGGAATCACCCAGAGCCCAAGACACAAGGTCACAGAGACAGGAACACCAGTGACTCTGAGATGTCACCAGACTGAGAACCACCGCTATATGTACTGGTATCGACAAGACCCGGGGCATGGGCTGAGGCTGATCCATTACTCATATGGTGTTAAAGATACTGACAAAGGAGAAGTCTCAGATGGCTATAGTGTCTCTAGATCAAAGACAGAGGATTTCCTCCTCACTCTGGAGTCCGCTACCAGCTCCCAGACATCTGTGTACTTCTGTGCCGGACAGGGGTCTACGAGCAGTACTTCGGGCCGGGCACCAGGCTCACGGTCACAG,TRBV10-3*01,TRBJ2-7*01, TRBD1*01
8,GATACTGGAGTCTCCCAGAACCCCAGACACAAGATCACAAAGAGGGGACAGAATGTAACTTTCAGGTGTGATCCAATTTCTGAACACAACCGCCTTTATTGGTACCGACAGACCCTGGGGCAGGGCCCAGAGTTTCTGACTTACTTCCAGAATGAAGCTCAACTAGAAAAATCAAGGCTGCTCAGTGATCGGTTCTCTGCAGAGAGGCCTAAGGGATCTCTTTCCACCTTGGAGATCCAGCGCACAGAGCAGGGGGACTCGGCCATGTATCTCTGTGCCAGCAGCTTAGAGCTGGGCAAAGAGATGAGCAGTTCTTCGGGCCAGGGACACGGCTCACCGTGCTAG,TRBV7-9*06,TRBJ2-1*01, TRBD1*01
9,GGTGCTGGAGTCTCCCAGTCTCCCAGGTACAAAGTCACAAAGAGGGGACAGGATGTAACTCTCAGGTGTGATCCAATTTCGAGTCATGCAACCCTTTATTGGTATCAACAGGCCCTGGGGCAGGGCCCAGAGTTTCTGACTTACTTCAATTATGAAGCTCAACCAGACAAATCAGGGCTGCCCAGTGATCGGTTCTCTGCAGAGAGGCCTGAGGGATCCATCTCCACTCTGACGATTCAGCGCACAGAGCAGCGGGACTCAGCCATGTATCGCTGTGCTAGCAGCTTAAGACTGAGGGAAACTTCTATGGCTACACCTTCGGTTCGGGGACCAGGTTAACCGTTGTAG,TRBV7-7*03,TRBJ1-2*01, TRBD1*01
10,GAAGCTGGAGTTACTCAGTTCCCCAGCCACAGCGTAATAGAGAAGGGCCAGACTGTGACTCTGAGATGTGACCCAATTTCTGGACATGATAATCTTTATTGGTATCGACGTGTTATGGGAAAAGAAATAAAATTTCTGTTACATTTTGTGAAAGAGTCTAAACAGGATGAGTCCGGTATGCCCAACAATCGATTCTTAGCTGAAAGGACTGGAGGGACGTATTCTACTCTGAAGGTGCAGCCTGCAGAACTGGAGGATTCTGGAGTTTATTTCTGTGCCAGCAGCCAAGATGCAAAAGTATCCGGCTAGACCTACAATGAGCAGTTCTTCGGGCCAGGGACACGGCTCACCGTGCTAG,TRBV14*01,TRBJ2-1*01, TRBD2*01
11,GACACAGCCGTTTCCCAGACTCCAAAATACCTGGTCACACAGATGGGAAAAAAGGAGTCTCTTAAATGAGAACAAAATCTGGGCCATAATGCTATGTATTGGTATAAACAGGACTCTAAGAAATTTCTGAAGACAATGTTTATCTACAGTAACAAGGAGCCAATTTTAAATGAAACAGTTCCAAATCGCTTCTCACCTGACTCTCCAGACAAAGCTCATTTAAATCTTCACATCAATTCCCTGGAGCTTGGTGACTCTGCTGTGTATTTCTGTGCCAGCAGAGGGGGGGGAAGGGCTTGAGACCCAGTACTTCGGGCCAGGCACGCGGCTCCTGGTGCTCG,TRBV3-2*01,TRBJ2-5*01, TRBD2*02
12,AATGCTGGTGTCACTCAGACCCCAAAATTCCGGGTCCTGAAGACAGGACAGAGCATGACACTGCTGTGTGCCCAGGATATGAACCATGAATACATGTACTGGTATCGACAAGACCCAGGCATGGGGCTGAGGCTGATTCATTACTCAGTTGGTGAGGGTACAACTGCCAAAGGAGAGGTCCCTGATGGCTACAATGTCTCCAGATTAAAAAAACAGAATTTCCTGCTGGGGTTGGAGTCGGCTGCTCCCTCCCAAACATCTGTGTACTTCTGTGCCAGCAGTGACCTGCCCACTAGCGGGAGGCTCCTACGAGCAGTACTTCGGGCCGGGCACCAGGCTCACGGTCACAG,TRBV6-3*01,TRBJ2-7*01, TRBD2*02
13,GATGCTGATGTTACCCAGACCCCAAGGAATAGGATCACAAAGACAGGAAAGAGGATTATGCTGGAATGTTCTCAGACTAAGGGTCATGATAGAATGTACTGGTATCGACAAGACCCAGGACTGGGCCTACGGTTGATCTATTACTCCTTTGATGTCAAAGATATAAACAAAGGAGAGATCTCTGATGGATACAGTGTCTCTCGACAGGCACAGGCTAAATTCTCCCTGTCCCTAGAGTCTGCCATCCCCAACCAGACAGCTCTTTACTTCTGTGCTTTGTACAGGGGGCCCTTGTCAGCCCCAGCATTTTGGTGATGGGACTCGACTCTCCATCCTAG,TRBV24-1*01,TRBJ1-5*01, TRBD1*01
14,CATGCCAAAGTCACACAGACTCCAGGACATTTGGTCAAAGGAAAAGGACAGAAAACAAAGATGGATTGTACCCCCGAAAAAGGACATACTTTTGTTTATTGGTATCAACAGAATCAGAATAAAGAGTTTATGCTTTTGATTTCCTTTCAGAATGAACAAGTTCTTCAAGAAACGGAGATGCACAAGAAGCGATTCTCATCTCAATGCCCCAAGAACGCACCCTGCAGCCTGGCAATCCTGTCCTCAGAACCGGGAGACACGGCACTGTATCTCTGCGCCAGCAGTCAATCCCGGACAGTTCCGGGGAGCTGTTTTTTGGAGAAGGCTCTAGGCTGACCGTACTGG,TRBV23-1*01,TRBJ2-2*01, TRBD1*01
15,GACACAGCTGTTTCCCAGACTCCAAAATACCTGGTCACACAGATGGGAAACGACAAGTCCATTAAATGTGAACAAAATCTGGGCCATGATACTATGTATTGGTATAAACAGGACTCTAAGAAATTTCTGAAGATAATGTTTAGCTACAATAACAAGGAGATCATTATAAATGAAACAGTTCCAAATCGATTCTCACCTAAATCTCCAGACAAAGCTAAATTAAATCTTCACATCAATTCCCTGGAGCTTGGTGACTCTGCTGTGTATTTCTGTGCCAGCAGCCAGTGGGGGTCTGCTCTGGGGCCAACGTCCTGACTTTCGGGGCCGGCAGCAGGCTGACCGTGCTGG,TRBV3-1*02,TRBJ2-6*01, TRBD1*01
16,GAAGCTGACATCTACCAGACCCCAAGATACCTTGTTATAGGGACAGGAAAGAAGATCACTCTGGAATGTTCTCAAACCATGGGCCATGACAAAATGTACTGGTATCAACAAGATCCAGGAATGGAACTACACCTCATCCACTATTCCTATGGAGTTAATTCCACAGAGAAGGGAGATCTTTCCTCTGAGTCAACAGTCTCCAGAATAAGGACGGAGCATTTTCCCCTGACCCTGGAGTCTGCCAGGCCCTCACATACCTCTCAGTACCTCTGTGCCAGCAGTGAATAGTATCTACGAGTAATTGAGCTCCTACAATGAGCAGTTCTTCGGGCCAGGGACACGGCTCACCGTGCTAG,TRBV25-1*01,TRBJ2-1*01, TRBD2*02
17,GAAGCTGGAGTTACTCAGTTCCCCAGCCACAGCGTAATAGAGAAGGGCCAGACTGTGACTCTGAGATGTGACCCAATTTCTGGACATGATAATCTTTATTGGTATCGACGTGTTATGGGAAAAGAAATAAAATTTCTGTTACATTTTGTGAAAGAGTCTAAACAGGATGAGTCCGGTATGCCCAACAATCGATTCTTAGCTGAAAGGACTGGAGGGACGTATTCTACTCTGAAGGTGCAGCCTGCAGAACTGGAGGATTCTGGAGTTTATTTCTGTGCCAGCAGCCAAGTCCAGGGGGCCCGCATTCAGTACTTCGGCGCCGGGACCCGGCTCTCAGTGCTGG,TRBV14*01,TRBJ2-4*01, TRBD1*01
18,GGTGCTGTCGTCTCTCAACATCCGAGCTGGGTTATCTGTAAGAGTGGAACCTCTGTGAAGATCGAGTGCCGTTCCCTGGACTTTCAGGCCACAACTATGTTTTGGTATCGTCAGTTCCCGAAACAGAGTCTCATGCTGATGGCAACTTCCAATGAGGGCTCCAAGGCCACATACGAGCAAGGCGTCGAGAAGGACAAGTTTCTCATCAACCATGCAAGCCTGACCTTGTCCACTCTGACAGTGACCAGTGCCCATCCTGAAGACAGCAGCTTCTACATCTGCAGTGCTAGGTACTAGCGGGTCTACAATGAGCAGTTCTTCGGGCCAGGGACACGGCTCACCGTGCTAG,TRBV20-1*01,TRBJ2-1*01, TRBD2*01
19,GGTGCTGTCGTCTCTCAACATCCGAGCTGGGTTATCTGTAAGAGTGGAACCTCTGTGAAGATCGAGTGCCGTTCCCTGGACTTTCAGGCCACAACTATGTTTTGGTATCGTCAGTTCCCGAAACAGAGTCTCATGCTGATGGCAACTTCCAATGAGGGCTCCAAGGCCACATACGAGCAAGGCGTCGAGAAGGACAAGTTTCTCATCAACCATGCAAGCCTGACCTTGTCCACTCTGACAGTGACCAGTGCCCATCCTGAAGACAGCAGCTTCTACATCTGCAGTGCCGAGACGGGGATGGTACTTCGGGCCGGGCACCAGGCTCACGGTCACAG,TRBV20-1*01,TRBJ2-7*01, TRBD1*01
20,AATGCTGGTGTCACTCAGACCCCAAAATTCCAGGTCCTGAAGACAGGACAGAGCATGACACTGCAGTGTGCCCAGGATATGAACCATAACTCCATGTACTGGTATCGACAAGACCCAGGCATGGGACTGAGGCTGATTTATTACTCAGCTTCTGAGGGTACCACTGACAAAGGAGAAGTCCCCAATGGCTACAATGTCTCCAGATTAAACAAACGGGAGTTCTCGCTCAGGCTGGAGTCGGCTGCTCCCTCCCAGACATCTGTGTACTTCTGTGCCAGCAGGGAAAATAAAGGGGGCTCAAGCAATCAGCCCCAGCATTTTGGTGATGGGACTCGACTCTCCATCCTAG,TRBV6-1*01,TRBJ1-5*01, TRBD1*01
21,GAAGCTGGAGTTACTCAGTTCCCCAGCCACAGCGTAATAGAGAAGGGCCAGACTGTGACTCTGAGATGTGACCCAATTTCTGGACATGATAATCTTTATTGGTATCGACGTGTTATGGGAAAAGAAATAAAATTTCTGTTACATTTTGTGAAAGAGTCTAAACAGGATGAGTCCGGTATGCCCAACAATCGATTCTTAGCTGAAAGGACTGGAGGGACGTATTCTACTCTGAAGGTGCAGCCTGCAGAACTGGAGGATTCTGGAGTTTATTTCTGTGCCAGGATCCGGTAGCGGGAGGGAACACCGGGGAGCTGTTTTTTGGAGAAGGCTCTAGGCTGACCGTACTGG,TRBV14*01,TRBJ2-2*01, TRBD2*01
22,GCTGCTGGAGTCATCCAGTCCCCAAGACATCTGATCAAAGAAAAGAGGGAAACAGCCACTCTGAAATGCTATCCTATCCCTAGACACGACACTGTCTACTGGTACCAGCAGGGTCCAGGTCAGGACCCCCAGTTCCTCATTTCGTTTTATGAAAAGATGCAGAGCGATAAAGGAAGCATCCCTGATCGATTCTCAGCTCAACAGTTCAGTGACTATCATTCTGAACTGAACATGAGCTCCTTGGAGCTGGGGGACTCAGCCCTGTACTTCTGTGCCAGCAGCCATATACTGGACAATTCACCCCTCCACTTTGGGAACGGGACCAGGCTCACTGTGACAG,TRBV13*01,TRBJ1-6*02, TRBD2*02
23,GAAGCTGACATCTACCAGACCCCAAGATACCTTGTTATAGGGACAGGAAAGAAGATCACTCTGGAATGTTCTCAAACCATGGGCCATGACAAAATGTACTGGTATCAACAAGATCCAGGAATGGAACTACACCTCATCCACTATTCCTATGGAGTTAATTCCACAGAGAAGGGAGATCTTTCCTCTGAGTCAACAGTCTCCAGAATAAGGACGGAGCATTTTCCCCTGACCCTGGAGTCTGCCAGGCCCTCACATACCTCTCAGTACCTCTGTGCAAACAAGTGAGTAGCGGGAGGTGAGCCGAACACCGGGGAGCTGTTTTTTGGAGAAGGCTCTAGGCTGACCGTACTGG,TRBV25-1*01,TRBJ2-2*01, TRBD2*02
24,GGAGCTGGAGTCTCCCAGTCCCCCAGTAACAAGGTCACAGAGAAGGGAAAGGATGTAGAGCTCAGGTGTGATCCAATTTCAGGTCATACTGCCCTTTACTGGTACCGACAGAGCCTGGGGCAGGGCCTGGAGTTTTTAATTTACTTCCAAGGCAACAGTGCACCAGACAAATCAGGGCTGCCCAGTGATCGCTTCTCTGCAGAGAGGACTGGGGGATCCGTCTCCACTCTGACGATCCAGCGCACACAGCAGGAGGACTCGGCCGTGTATCTCTGTGCCAGCAGCCCTAGGGGGACGGCGGGACAGGGGGAAATACGAGCAGTACTTCGGGCCGGGCACCAGGCTCACGGTCACAG,TRBV7-2*01,TRBJ2-7*01, TRBD1*01
25,ATTGCTGGGATCACCCAGGCACCAACATCTCAGATCCTGGCAGCAGGACGGCGCATGACACTGAGATGTACCCAGGATATGAGACATAATGCCATGTACTGGTATAGACAAGATCTAGGACTGGGGCTAAGGCTCATCCATTATTCAAATACTGCAGGTACCACTGGCAAAGGAGAAGTCCCTGATGGTTATAGTGTCTCCAGAGCAAACACAGATGATTTCCCCCTCACGTTGGCGTCTGCTGTACCCTCTCAGACATCTGTGTACTTCTGTGCCAGCAGTGACACCCCCCGGGACTAGCGGGAGGGTCCCCCCCCAAGAGACCCAGTACTTCGGGCCAGGCACGCGGCTCCTGGTGCTCG,TRBV6-4*01,TRBJ2-5*01, TRBD2*02
26,CATGCCAAAGTCACACAGACTCCAGGACATTTGGTCAAAGGAAAAGGACAGAAAACAAAGATGGATTGTACCCCCGAAAAAGGACATACTTTTGTTTATTGGTATCAACAGAATCAGAATAAAGAGTTTATGCTTTTGATTTCCTTTCAGAATGAACAAGTTCTTCAAGAAACGGAGATGCACAAGAAGCGATTCTCATCTCAATGCCCCAAGAACGCACCCTGCAGCCTGGCAATCCTGTCCTCAGAACCGGGAGACACGGCACTGTATCTCTGCGCCAGCAGTCCCACAGGGGAGCCGAGCAGTACTTCGGGCCGGGCACCAGGCTCACGGTCACAG,TRBV23-1*01,TRBJ2-7*01, TRBD1*01
27,GGAGCTGGAGTCTCCCAGTCCCCCAGTAACAAGGTCACAGAGAAGGGAAAGGATGTAGAGCTCAGGTGTGATCCAATTTCAGGTCATACTGCCCTTTACTGGTACCGACAGAGCCTGGGGCAGGGCCTGGAGTTTTTAATTTACTTCCAAGGCAACAGTGCACCAGACAAATCAGGGCTGCCCAGTGATCGCTTCTCTGCAGAGAGGACTGGGGGATCCGTCTCCACTCTGACGATCCAGCGCACACAGCAGGAGGACTCGGCCGTGTATCTCTGTGCCAGCAACGGGGGCTTCCAAAAACATTCAGTACTTCGGCGCCGGGACCCGGCTCTCAGTGCTGG,TRBV7-2*01,TRBJ2-4*01, TRBD1*01
28,AATGCTGGTGTCACTCAGACCCCAAAATTCCAGGTCCTGAAGACAGGACAGAGCATGACACTGCAGTGTGCCCAGGATATGAACCATGAATACATGTCCTGGTATCGACAAGACCCAGGCATGGGGCTGAGGCTGATTCATTACTCAGTTGGTGCTGGTATCACTGACCAAGGAGAAGTCCCCAATGGCTACAATGTCTCCAGATCAACCACAGAGGATTTCCCGCTCAGGCTGCTGTCGGCTGCTCCCTCCCAGACATCTGTGTACTTCTGTGCCAGCCCCCCCACAGGGACTTACGAGCAGTACTTCGGGCCGGGCACCAGGCTCACGGTCACAG,TRBV6-5*01,TRBJ2-7*01, TRBD1*01
29,GACACAGCCGTTTCCCAGACTCCAAAATACCTGGTCACACAGATGGGAAAAAAGGAGTCTCTTAAATGAGAACAAAATCTGGGCCATAATGCTATGTATTGGTATAAACAGGACTCTAAGAAATTTCTGAAGACAATGTTTATCTACAGTAACAAGGAGCCAATTTTAAATGAAACAGTTCCAAATCGCTTCTCACCTGACTCTCCAGACAAAGTTCATTTAAATCTTCACATCAATTCCCTGGAGCTTGGTGACTCTGCTGTGTATTTCTGTGCCAGCAAACCTTCTATGGGGGCTTTTCCCCTACGAGCAGTACTTCGGGCCGGGCACCAGGCTCACGGTCACAG,TRBV3-2*02,TRBJ2-7*01, TRBD1*01
30,GGTGCTGTCGTCTCTCAACATCCGAGCTGGGTTATCTGTAAGAGTGGAACCTCTGTGAAGATCGAGTGCCGTTCCCTGGACTTTCAGGCCACAACTATGTTTTGGTATCGTCAGTTCCCGAAACAGAGTCTCATGCTGATGGCAACTTCCAATGAGGGCTCCAAGGCCACATACGAGCAAGGCGTCGAGAAGGACAAGTTTCTCATCAACCATGCAAGCCTGACCTTGTCCACTCTGACAGTGACCAGTGCCCATCCTGAAGACAGCAGCTTCTACATCTGCAGTGCTAAGACATACACTGAAGCTTTCTTTGGACAAGGCACCAGACTCACAGTTGTAG,TRBV20-1*01,TRBJ1-1*01, TRBD1*01
31,GAAGCCCAAGTGACCCAGAACCCAAGATACCTCATCACAGTGACTGGAAAGAAGTTAACAGTGACTTGTTCTCAGAATATGAACCATGAGTATATGTCCTGGTATCGACAAGACCCAGGGCTGGGCTTAAGGCAGATCTACTATTCAATGAATGTTGAGGTGACTGATAAGGGAGATGTTCCTGAAGGGTACAAAGTCTCTCGAAAAGAGAAGAGGAATTTCCCCCTGATCCTGGAGTCGCCCAGCCCCAACCAGACCTCTCTGTACTTCTGTGCCAGCAGTGTCATAGTGGGACTAGCGGGCAACTAAGGGGCAGTTCTTCGGGCCAGGGACACGGCTCACCGTGCTAG,TRBV27*01,TRBJ2-1*01, TRBD2*01
32,GATGCCATGGTCATCCAGAACCCAAGATACCAGGTTACCCAGTTTGGAAAGCCAGTGACCCTGAGTTGTTCTCAGACTTTGAACCATAACGTCATGTACTGGTACCAGCAGAAGTCAAGTCAGGCCCCAAAGCTGCTGTTCCACTACTATGACAAAGATTTTAACAATGAAGCAGACACCCCTGATAACTTCCAATCCAGGAGGCCGAACACTTCTTTCTGCTTTCTTGACATCCGCTCACCAGGCCTGGGGGACGCAGCCATGTACCTGTGTGCCACCAGCAGAGATTTACCAGGAGGGGAGGACACTGAAGCTTTCTTTGGACAAGGCACCAGACTCACAGTTGTAG,TRBV15*02,TRBJ1-1*01, TRBD1*01
33,AAGGCTGGAGTCACTCAAACTCCAAGATATCTGATCAAAACGAGAGGACAGCAAGTGACACTGAGCTGCTCCCCTATCTCTGGGCATAGGAGTGTATCCTGGTACCAACAGACCCCAGGACAGGGCCTTCAGTTCCTCTTTGAATACTTCAGTGAGACACAGAGAAACAAAGGAAACTTCCCTGGTCGATTCTCAGGGCGCCAGTTCTCTAACTCTCGCTCTGAGATGAATGTGAGCACCTTGGAGCTGGGGGACTCGGCCCTTTATCTTTGCGCCAGCAGCTGAGCGGGATTTGTCAAGAACACTGAAGCTTTCTTTGGACAAGGCACCAGACTCACAGTTGTAG,TRBV5-1*01,TRBJ1-1*01, TRBD2*02
34,GATGCCATGGTCATCCAGAACCCAAGATACCAGGTTACCCAGTTTGGAAAGCCAGTGACCCTGAGTTGTTCTCAGACTTTGAACCATAACGTCATGTACTGGTACCAGCAGAAGTCAAGTCAGGCCCCAAAGCTGCTGTTCCACTACTATGACAAAGATTTTAACAATGAAGCAGACACCCCTGATAACTTCCAATCCAGGAGGCCGAACACTTCTTTCTGCTTTCTTGACATCCGCTCACCAGGCCTGGGGGACGCAGCCATGTACCTGTGTGCCACCAGCAGACCCTGGACAGTACCCGGTTAAACACTGAAGCTTTCTTTGGACAAGGCACCAGACTCACAGTTGTAG,TRBV15*02,TRBJ1-1*01, TRBD1*01
35,GACGCTGGAGTCACCCAAAGTCCCACACACCTGATCAAAACGAGAGGACAGCAAGTGACTCTGAGATGCTCTCCTAAGTCTGGGCATGACACTGTGTCCTGGTACCAACAGGCCCTGGGTCAGGGGCCCCAGTTTATCTTTCAGTATTATGAGGAGGAAGAGAGACAGAGAGGCAACTTCCCTGATCGATTCTCAGGTCACCAGTTCCCTAACTATAGCTCTGAGCTGAATGTGAACGCCTTGTTGCTGGGGGACTCGGCCCTCTATCTCTGTGCCAGCAGCTTGTAGGACTAGCGGGATGCACAGATACGCAGTATTTTGGCCCAGGCACCCGGCTGACAGTGCTCG,TRBV5-6*01,TRBJ2-3*01, TRBD2*01
36,AATGCCGGCGTCATGCAGAACCCAAGACACCTGGTCAGGAGGAGGGGACAGGAGGCAAGACTGAGATGCAGCCCAATGAAAGGACACAGTCATGTTTACTGGTATCGGCAGCTCCCAGAGGAAGGTCTGAAATTCATGGTTTATCTCCAGAAAGAAAATATCATAGATGAGTCAGGAATGCCAAAGGAACGATTTTCTGCTGAATTTCCCAAAGAGGGCCCCAGCATCCTGAGGATCCAGCAGGTAGTGCGAGGAGATTCGGCAGCTTATTTCTGTGCCAGCTCACTTCTATACCTCCGAGGGCCCTATGGCTACACCTTCGGTTCGGGGACCAGGTTAACCGTTGTAG,TRBV18*01,TRBJ1-2*01, TRBD1*01
37,GAAGCTGACATCTACCAGACCCCAAGATACCTTGTTATAGGGACAGGAAAGAAGATCACTCTGGAATGTTCTCAAACCATGGGCCATGACAAAATGTACTGGTATCAACAAGATCCAGGAATGGAACTACACCTCATCCACTATTCCTATGGAGTTAATTCCACAGAGAAGGGAGATCTTTCCTCTGAGTCAACAGTCTCCAGAATAAGGACGGAGCATTTTCCCCTGACCCTGGAGTCTGCCAGGCCCTCACATACCTCTCAGTACCTCTGTGCCAGCAGAAACTTCCGGGACAAAGGCTACGAGCAGTACTTCGGGCCGGGCACCAGGCTCACGGTCACAG,TRBV25-1*01,TRBJ2-7*01, TRBD1*01
38,GAAGCTGACATCTACCAGACCCCAAGATACCTTGTTATAGGGACAGGAAAGAAGATCACTCTGGAATGTTCTCAAACCATGGGCCATGACAAAATGTACTGGTATCAACAAGATCCAGGAATGGAACTACACCTCATCCACTATTCCTATGGAGTTAATTCCACAGAGAAGGGAGATCTTTCCTCTGAGTCAACAGTCTCCAGAATAAGGACGGAGCATTTTCCCCTGACCCTGGAGTCTGCCAGGCCCTCACATACCTCTCAGTACCTCTGTGCCAGCAGTGAATATAGTTCGGGGGGTTCACTGAAGCTTTCTTTGGACAAGGCACCAGACTCACAGTTGTAG,TRBV25-1*01,TRBJ1-1*01, TRBD1*01
39,GACGCTGGAGTCACCCAAAGTCCCACACACCTGATCAAAACGAGAGGACAGCAAGTGACTCTGAGATGCTCTCCTAAGTCTGGGCATGACACTGTGTCCTGGTACCAACAGGCCCTGGGTCAGGGGCCCCAGTTTATCTTTCAGTATTATGAGGAGGAAGAGAGACAGAGAGGCAACTTCCCTGATCGATTCTCAGGTCACCAGTTCCCTAACTATAGCTCTGAGCTGAATGTGAACGCCTTGTTGCTGGGGGACTCGGCCCTCTATCTCTGTGCCAGCAGCTTGGGGGGGCCGATTCCGAACACCGGGGAGCTGTTTTTTGGAGAAGGCTCTAGGCTGACCGTACTGG,TRBV5-6*01,TRBJ2-2*01, TRBD2*01
40,AAGGCTGGAGTCACTCAAACTCCAAGATATCTGATCAAAACGAGAGGACAGCAAGTGACACTGAGCTGCTCCCCTATCTCTGGGCATAGGAGTGTATCCTGGTACCAACAGACCCCAGGACAGGGCCTTCAGTTCCTCTTTGAATACTTCAGTGAGACACAGAGAAACAAAGGAAACTTCCCTGGTCGATTCTCAGGGCGCCAGTTCTCTAACTCTCGCTCTGAGATGAATGTGAGCACCTTGGAGCTGGGGGACTCGGCCCTTTATCTTTGCGCCAGCAAACGGACAGTTAACGGCTACACCTTCGGTTCGGGGACCAGGTTAACCGTTGTAG,TRBV5-1*01,TRBJ1-2*01, TRBD1*01
41,GGAGCTGGAGTCTCCCAGTCCCCCAGTAACAAGGTCACAGAGAAGGGAAAGGATGTAGAGCTCAGGTGTGATCCAATTTCAGGTCATACTGCCCTTTACTGGTACCGACAGAGCCTGGGGCAGGGCCTGGAGTTTTTAATTTACTTCCAAGGCAACAGTGCACCAGACAAATCAGGGCTGCCCAGTGATCGCTTCTCTGCAGAGAGGACTGGGGGATCCGTCTCCACTCTGACGATCCAGCGCACACAGCAGGAGGACTCGGCCGTGTATCTCTGTGCCAGCAGCTTAGCTCATCTAGCGGGTCAGCTGATCCTACGAGCAGTACTTCGGGCCGGGCACCAGGCTCACGGTCACAG,TRBV7-2*01,TRBJ2-7*01, TRBD2*01
42,GATGCTGATGTTACCCAGACCCCAAGGAATAGGATCACAAAGACAGGAAAGAGGATTATGCTGGAATGTTCTCAGACTAAGGGTCATGATAGAATGTACTGGTATCGACAAGACCCAGGACTGGGCCTACGGTTGATCTATTACTCCTTTGATGTCAAAGATATAAACAAAGGAGAGATCTCTGATGGATACAGTGTCTCTCGACAGGCACAGGCTAAATTCTCCCTGTCCCTAGAGTCTGCCATCCCCAACCAGACAGCTCTTTACTTCTGTGCCACCAGACAGGGGCTGAGACTATGGCTACACCTTCGGTTCGGGGACCAGGTTAACCGTTGTAG,TRBV24-1*01,TRBJ1-2*01, TRBD1*01
43,GATGCTGGAGTTATCCAGTCACCCCGCCATGAGGTGACAGAGATGGGACAAGAAGTGACTCTGAGATGTAAACCAATTTCAGGCCACAACTCCCTTTTCTGGTACAGACAGACCATGATGCGGGGACTGGAGTTGCTCATTTACTTTAACAACAACGTTCCGATAGATGATTCAGGGATGCCCGAGGATCGATTCTCAGCTAAGATGCCTAATGCATCATTCTCCACTCTGAAGATCCAGCCCTCAGAACCCAGGGACTCAGCTGTGTACTTCTGTGCCAGCAGTTTAGATAGAGGGGTCTTTCACCCCTCCACTTTGGGAACGGGACCAGGCTCACTGTGACAG,TRBV12-3*01,TRBJ1-6*02, TRBD1*01
44,GAAGCCCAAGTGACCCAGAACCCAAGATACCTCATCACAGTGACTGGAAAGAAGTTAACAGTGACTTGTTCTCAGAATATGAACCATGAGTATATGTCCTGGTATCGACAAGACCCAGGGCTGGGCTTAAGGCAGATCTACTATTCAATGAATGTTGAGGTGACTGATAAGGGAGATGTTCCTGAAGGGTACAAAGTCTCTCGAAAAGAGAAGAGGAATTTCCCCCTGATCCTGGAGTCGCCCAGCCCCAACCAGACCTCTCTGTACTTCTGTGCCAGCAGTTTATAAGGCTACAGGGGGGGGCGAATCCACCGTCTTTGGTTTGAAAAACTGTTTTTTGGCAGTGGAACCCAGCTCTCTGTCTTGG,TRBV27*01,TRBJ1-4*01, TRBD1*01
45,AAGGCTGGAGTCACTCAAACTCCAAGATATCTGATCAAAACGAGAGGACAGCAAGTGACACTGAGCTGCTCCCCTATCTCTGGGCATAGGAGTGTATCCTGGTACCAACAGACCCCAGGACAGGGCCTTCAGTTCCTCTTTGAATACTTCAGTGAGACACAGAGAAACAAAGGAAACTTCCCTGGTCGATTCTCAGGGCGCCAGTTCTCTAACTCTCGCTCTGAGATGAATGTGAGCACCTTGGAGCTGGGGGACTCGGCCCTTTATCTTTGCGCCAGCACGCCCAGGAAGACAGGGGCAGCCCCAGCATTTTGGTGATGGGACTCGACTCTCCATCCTAG,TRBV5-1*01,TRBJ1-5*01, TRBD1*01
46,GATACTGGAGTCTCCCAGAACCCCAGACACAAGATCACAAAGAGGGGACAGAATGTAACTTTCAGGTGTGATCCAATTTCTGAACACAACCGCCTTTATTGGTACCGACAGACCCTGGGGCAGGGCCCAGAGTTTCTGACTTACTTCCAGAATGAAGCTCAACTAGAAAAATCAAGGCTGCTCAGTGATCGGTTCTCTGCAGAGAGGCCTAAGGGATCTCTCTCCACCTTGGAGATCCAGCGCACAGAGCAGGGGGACTCGGCCATGTATCTCTGTGCCAGCAGCTTAGAACAAGGGGGCTTAACGGCCGTCGGGGAGATTCACCCCTCCACTTTGGGAACGGGACCAGGCTCACTGTGACAG,TRBV7-9*05,TRBJ1-6*02, TRBD1*01
47,GAAGCTGGAGTGGTTCAGTCTCCCAGATATAAGATTATAGAGAAAAAACAGCCTGTGGCTTTTTGGTGCAATCCTATTTCTGGCCACAATACCCTTTACTGGTACCTGCAGAACTTGGGACAGGGCCCGGAGCTTCTGATTCGATATGAGAATGAGGAAGCAGTAGACGATTCACAGTTGCCTAAGGATCGATTTTCTGCAGAGAGGCTCAAAGGAGTAGACTCCACTCTCAAGATCCAGCCTGCAGAGCTTGGGGACTCGGCCGTGTATCTCTGTGCCAGCCCGGACAGGGGACAAGAGACCCAGTACTTCGGGCCAGGCACGCGGCTCCTGGTGCTCG,TRBV11-3*01,TRBJ2-5*01, TRBD1*01
48,GAGACTGGAGTCACCCAAAGTCCCACACACCTGATCAAAACGAGAGGACAGCAAGTGACTCTGAGATGCTCTTCTCAGTCTGGGCACAACACTGTGTCCTGGTACCAACAGGCCCTGGGTCAGGGGCCCCAGTTTATCTTTCAGTATTATAGGGAGGAAGAGAATGGCAGAGGAAACTTCCCTCCTAGATTCTCAGGTCTCCAGTTCCCTAATTATAACTCTGAGCTGAATGTGAACGCCTTGGAGCTGGACGACTCGGCCCTGTATCTCTGTGCCAGCAGCGGGGATACCGCAGGGGGCTCAATGAAAAACTGTTTTTTGGCAGTGGAACCCAGCTCTCTGTCTTGG,TRBV5-4*02,TRBJ1-4*01, TRBD1*01
49,GATGCTAGAGTCACCCAGACACCAAGGCACAAGGTGACAGAGATGGGACAAGAAGTAACAATGAGATGTCAGCCAATTTTAGGCCACAATACTGTTTTCTGGTACAGACAGACCATGATGCAAGGACTGGAGTTGCTGGCTTACTTCCGCAACCGGGCTCCTCTAGATGATTCGGGGATGCCGAAGGATCGATTCTCAGCAGAGATGCCTGATGCAACTTTAGCCACTCTGAAGATCCAGCCCTCAGAACCCAGGGACTCAGCTGTGTATTTTTGTGCTAGTGGGGCCCGGCTCCTACTTCGGGCCAGGCACGCGGCTCCTGGTGCTCG,TRBV12-5*01,TRBJ2-5*01, TRBD2*01
50,GATGCTAGAGTCACCCAGACACCAAGGCACAAGGTGACAGAGATGGGACAAGAAGTAACAATGAGATGTCAGCCAATTTTAGGCCACAATACTGTTTTCTGGTACAGACAGACCATGATGCAAGGACTGGAGTTGCTGGCTTACTTCCGCAACCGGGCTCCTCTAGATGATTCGGGGATGCCGAAGGATCGATTCTCAGCAGAGATGCCTGATGCAACTTTAGCCACTCTGAAGATCCAGCCCTCAGAACCCAGGGACTCAGCTGTGTATTTTTGTGCTAGTGGTTTGAGCACAGGGGAAATCTTAGAAGCTCCTACGAGCAGTACTTCGGGCCGGGCACCAGGCTCACGGTCACAG,TRBV12-5*01,TRBJ2-7*01, TRBD1*01
51,GGTGCTGGAGTCTCCCAGACCCCCAGTAACAAGGTCACAGAGAAGGGAAAATATGTAGAGCTCAGGTGTGATCCAATTTCAGGTCATACTGCCCTTTACTGGTACCGACAAAGCCTGGGGCAGGGCCCAGAGTTTCTAATTTACTTCCAAGGCACGGGTGCGGCAGATGACTCAGGGCTGCCCAACGATCGGTTCTTTGCAGTCAGGCCTGAGGGATCCGTCTCTACTCTGAAGATCCAGCGCACAGAGCGGGGGGACTCAGCCGTGTATCTCTGTGCCAGCAGCGACTGAAATAGAACACCGGGGAGCTGTTTTTTGGAGAAGGCTCTAGGCTGACCGTACTGG,TRBV7-3*01,TRBJ2-2*01, TRBD1*01
52,GGTGCTGTCGTCTCTCAACATCCGAGCTGGGTTATCTGTAAGAGTGGAACCTCTGTGAAGATCGAGTGCCGTTCCCTGGACTTTCAGGCCACAACTATGTTTTGGTATCGTCAGTTCCCGAAACAGAGTCTCATGCTGATGGCAACTTCCAATGAGGGCTCCAAGGCCACATACGAGCAAGGCGTCGAGAAGGACAAGTTTCTCATCAACCATGCAAGCCTGACCTTGTCCACTCTGACAGTGACCAGTGCCCATCCTGAAGACAGCAGCTTCTACATCTGCAGTGCGTGGGGGAGAATATAATTCACCCCTCCACTTTGGGAACGGGACCAGGCTCACTGTGACAG,TRBV20-1*01,TRBJ1-6*02, TRBD1*01
53,GGTGCTGTCGTCTCTCAACATCCGAGCTGGGTTATCTGTAAGAGTGGAACCTCTGTGAAGATCGAGTGCCGTTCCCTGGACTTTCAGGCCACAACTATGTTTTGGTATCGTCAGTTCCCGAAACAGAGTCTCATGCTGATGGCAACTTCCAATGAGGGCTCCAAGGCCACATACGAGCAAGGCGTCGAGAAGGACAAGTTTCTCATCAACCATGCAAGCCTGACCTTGTCCACTCTGACAGTGACCAGTGCCCATCCTGAAGACAGCAGCTTCTACATCTGCAGTGCTAGGCGGGAGTCCTACGAGCAGTACTTCGGGCCGGGCACCAGGCTCACGGTCACAG,TRBV20-1*01,TRBJ2-7*01, TRBD2*02
54,GATTCTGGAGTCACACAAACCCCAAAGCACCTGATCACAGCAACTGGACAGCGAGTGACGCTGAGATGCTCCCCTAGGTCTGGAGACCTCTCTGTGTACTGGTACCAACAGAGCCTGGACCAGGGCCTCCAGTTCCTCATTCAGTATTATAATGGAGAAGAGAGAGCAAAAGGAAACATTCTTGAACGATTCTCCGCACAACAGTTCCCTGACTTGCACTCTGAACTAAACCTGAGCTCTCTGGAGCTGGGGGACTCAGCTTTGTATTTCTGTGCCAGCAGCGTTGGACGTTACCTACGAGCAGTACTTCGGGCCGGGCACCAGGCTCACGGTCACAG,TRBV9*01,TRBJ2-7*01, TRBD1*01
55,GACACAGCCGTTTCCCAGACTCCAAAATACCTGGTCACACAGATGGGAAAAAAGGAGTCTCTTAAATGAGAACAAAATCTGGGCCATAATGCTATGTATTGGTATAAACAGGACTCTAAGAAATTTCTGAAGACAATGTTTATCTACAGTAACAAGGAGCCAATTTTAAATGAAACAGTTCCAAATCGCTTCTCACCTGACTCTCCAGACAAAGTTCATTTAAATCTTCACATCAATTCCCTGGAGCTTGGTGACTCTGCTGTGTATTTCTGTGCCAGCCTCTTTTTATCCCCCCGAGCAGTACTTCGGGCCGGGCACCAGGCTCACGGTCACAG,TRBV3-2*02,TRBJ2-7*01, TRBD2*02
56,ACGGGAGTTACGCAGACACCAAGACACCTGGTCATGGGAATGACAAATAAGAAGTCTTTGAAATGTGAACAACATCTGGGGCATAACGCTATGTATTGGTACAAGCAAAGTGCTAAGAAGCCACTGGAGCTCATGTTTGTCTACAACTTTAAAGAACAGACTGAAAACAACAGTGTGCCAAGTCGCTTCTCACCTGAATGCCCCAACAGCTCTCACTTATTCCTTCACCTACACACCCTGCAGCCAGAAGACTCGGCCCTGTATCTCTGTGCCAGCACCCACAGGTCGTGAGAGGATGGCTACACCTTCGGTTCGGGGACCAGGTTAACCGTTGTAG,TRBV4-2*01,TRBJ1-2*01, TRBD1*01
57,AAGGCTGGAGTCACTCAAACTCCAAGATATCTGATCAAAACGAGAGGACAGCAAGTGACACTGAGCTGCTCCCCTATCTCTGGGCATAGGAGTGTATCCTGGTACCAACAGACCCCAGGACAGGGCCTTCAGTTCCTCTTTGAATACTTCAGTGAGACACAGAGAAACAAAGGAAACTTCCCTGGTCGATTCTCAGGGCGCCAGTTCTCTAACTCTCGCTCTGAGATGAATGTGAGCACCTTGGAGCTGGGGGACTCGGCCCTTTATCTTTGCGCCAGCAGCTGCATCTTAGTTGTTTTCAGCCCCAGCATTTTGGTGATGGGACTCGACTCTCCATCCTAG,TRBV5-1*01,TRBJ1-5*01, TRBD2*02
58,GGTGCTGGAGTCTCCCAGTCTCCCAGGTACAAAGTCACAAAGAGGGGACAGGATGTAACTCTCAGGTGTGATCCAATTTCGAGTCATGCAACCCTTTATTGGTATCAACAGGCCCTGGGGCAGGGCCCAGAGTTTCTGACTTACTTCAATTATGAAGCTCAACCAGACAAATCAGGGCTGCCCAGTGATCGGTTCTCTGCAGAGAGGCCTGAGGGATCCATCTCCACTCTGACGATTCAGCGCACAGAGCAGCGGGACTCAGCCATGTATCGCTGTGCTAGCTAGAGGGGCAATCAGCCCCAGCATTTTGGTGATGGGACTCGACTCTCCATCCTAG,TRBV7-7*03,TRBJ1-5*01, TRBD2*02
59,CAGACTATTCATCAATGGCCAGCGACCCTGGTGCAGCCTGTGGGCAGCCCGCTCTCTCTGGAGTGCACTGTGGAGGGAACATCAAACCCCAACCTATACTGGTACCGACAGGCTGCAGGCAGGGGCCTCCAGCTGCTCTTCTACTCCGTTGGTATTGGCCAGATCAGCTCTGAGGTGCCCCAGAATCTCTCAGCCTCCAGACCCCAGGACCGGCAGTTCATCCTGAGTTCTAAGAAGCTCCTCCTCAGTGACTCTGGCTTCTATCTCTGTGCCTGGAGGCATGCCGACAGGGGGCAAAAACAAACTTCACTGAAGCTTTCTTTGGACAAGGCACCAGACTCACAGTTGTAG,TRBV30*02,TRBJ1-1*01, TRBD1*01
60,AGTGCTGTCATCTCTCAAAAGCCAAGCAGGGATATCTGTCAACGTGGAACCTCCCTGACGATCCAGTGTCAAGTCGATAGCCAAGTCACCATGATGTTCTGGTACCGTCAGCAACCTGGACAGAGCCTGACACTGATCGCAACTGCAAATCAGGGCTCTGAGGCCACATATGAGAGTGGATTTGTCATTGACAAGTTTCCCATCAGCCGCCCAAACCTAACATTCTCAACTCTGACTGTGAGCAACATGAGCCCTGAAGACAGCAGCATATATCTCTGCAGCGTTGGATATTGGACTAGCGGCCCCGAGCAGTACTTCGGGCCGGGCACCAGGCTCACGGTCACAG,TRBV29-1*01,TRBJ2-7*01, TRBD2*01
61,ATTGCTGGGATCACCCAGGCACCAACATCTCAGATCCTGGCAGCAGGACGGCGCATGACACTGAGATGTACCCAGGATATGAGACATAATGCCATGTACTGGTATAGACAAGATCTAGGACTGGGGCTAAGGCTCATCCATTATTCAAATACTGCAGGTACCACTGGCAAAGGAGAAGTCCCTGATGGTTATAGTGTCTCCAGAGCAAACACAGATGATTTCCCCCTCACGTTGGCGTCTGCTGTACCCTCTCAGACATCTGTGTACTTCTGTGCCCCGAAGATCCGGGACAGAAAAACACCGGGGAGCTGTTTTTTGGAGAAGGCTCTAGGCTGACCGTACTGG,TRBV6-4*01,TRBJ2-2*01, TRBD1*01
62,GGTGCTGTCGTCTCTCAACATCCGAGCTGGGTTATCTGTAAGAGTGGAACCTCTGTGAAGATCGAGTGCCGTTCCCTGGACTTTCAGGCCACAACTATGTTTTGGTATCGTCAGTTCCCGAAACAGAGTCTCATGCTGATGGCAACTTCCAATGAGGGCTCCAAGGCCACATACGAGCAAGGCGTCGAGAAGGACAAGTTTCTCATCAACCATGCAAGCCTGACCTTGTCCACTCTGACAGTGACCAGTGCCCATCCTGAAGACAGCAGCTTCTACATCTGCAGTGCTAGATAGTGGACAGGGGGGCTATTTCTATGGCTACACCTTCGGTTCGGGGACCAGGTTAACCGTTGTAG,TRBV20-1*01,TRBJ1-2*01, TRBD1*01
63,GGTGCTGTCGTCTCTCAACATCCGAGCTGGGTTATCTGTAAGAGTGGAACCTCTGTGAAGATCGAGTGCCGTTCCCTGGACTTTCAGGCCACAACTATGTTTTGGTATCGTCAGTTCCCGAAACAGAGTCTCATGCTGATGGCAACTTCCAATGAGGGCTCCAAGGCCACATACGAGCAAGGCGTCGAGAAGGACAAGTTTCTCATCAACCATGCAAGCCTGACCTTGTCCACTCTGACAGTGACCAGTGCCCATCCTGAAGACAGCAGCTTCTACATCTGCAGTGCTAGTCAGAGACTAGCGGGTATACCAATGAGCAGTTCTTCGGGCCAGGGACACGGCTCACCGTGCTAG,TRBV20-1*01,TRBJ2-1*01, TRBD2*01
64,AAGGCTGGAGTCACTCAAACTCCAAGATATCTGATCAAAACGAGAGGACAGCAAGTGACACTGAGCTGCTCCCCTATCTCTGGGCATAGGAGTGTATCCTGGTACCAACAGACCCCAGGACAGGGCCTTCAGTTCCTCTTTGAATACTTCAGTGAGACACAGAGAAACAAAGGAAACTTCCCTGGTCGATTCTCAGGGCGCCAGTTCTCTAACTCTCGCTCTGAGATGAATGTGAGCACCTTGGAGCTGGGGGACTCGGCCCTTTATCTTTGCGCCAGCAGGGAACAATCCCGGGGGGGCCTGAAGCTTTCTTTGGACAAGGCACCAGACTCACAGTTGTAG,TRBV5-1*01,TRBJ1-1*01, TRBD1*01
65,GATGGTGGAATCACTCAGTCCCCAAAGTACCTGTTCAGAAAGGAAGGACAGAATGTGACCCTGAGTTGTGAACAGAATTTGAACCACGATGCCATGTACTGGTACCGACAGGACCCAGGGCAAGGGCTGAGATTGATCTACTACTCACAGATAGTAAATGACTTTCAGAAAGGAGATATAGCTGAAGGGTACAGCGTCTCTCGGGAGAAGAAGGAATCCTTTCCTCTCACTGTGACATCGGCCCAAAAGAACCCGACAGCTTTCTATCTCTGTGCCTTCTCGGGGAACACCGGGGAGCTGTTTTTTGGAGAAGGCTCTAGGCTGACCGTACTGG,TRBV19*01,TRBJ2-2*01, TRBD2*02
66,GATGCTAGAGTCACCCAGACACCAAGGCACAAGGTGACAGAGATGGGACAAGAAGTAACAATGAGATGTCAGCCAATTTTAGGCCACAATACTGTTTTCTGGTACAGACAGACCATGATGCAAGGACTGGAGTTGCTGGCTTACTTCCGCAACCGGGCTCCTCTAGATGATTCGGGGATGCCGAAGGATCGATTCTCAGCAGAGATGCCTGATGCAACTTTAGCCACTCTGAAGATCCAGCCCTCAGAACCCAGGGACTCAGCTGTGTATTTTTGTGCTAGTGGTTTGCCAGGAGACCGAGATTCCGGGGAGCTGTTTTTTGGAGAAGGCTCTAGGCTGACCGTACTGG,TRBV12-5*01,TRBJ2-2*01, TRBD2*02
67,GATGGTGGAATCACTCAGTCCCCAAAGTACCTGTTCAGAAAGGAAGGACAGAATGTGACCCTGAGTTGTGAACAGAATTTGAACCACGATGCCATGTACTGGTACCGACAGGACCCAGGGCAAGGGCTGAGATTGATCTACTACTCACAGATAGTAAATGACTTTCAGAAAGGAGATATAGCTGAAGGGTACAGCGTCTCTCGGGAGAAGAAGGAATCCTTTCCTCTCACTGTGACATCGGCCCAAAAGAACCCGACAGCTTTCTATCTCTGTGCCAGTAGTATACACTATTCACTCTGGGGCCAACGTCCTGACTTTCGGGGCCGGCAGCAGGCTGACCGTGCTGG,TRBV19*01,TRBJ2-6*01, TRBD2*02
68,GAAGCTGGAGTTACTCAGTTCCCCAGCCACAGCGTAATAGAGAAGGGCCAGACTGTGACTCTGAGATGTGACCCAATTTCTGGACATGATAATCTTTATTGGTATCGACGTGTTATGGGAAAAGAAATAAAATTTCTGTTACATTTTGTGAAAGAGTCTAAACAGGATGAGTCCGGTATGCCCAACAATCGATTCTTAGCTGAAAGGACTGGAGGGACGTATTCTACTCTGAAGGTGCAGCCTGCAGAACTGGAGGATTCTGGAGTTTATTTCTGTGCCAGCAGCCGCCGGGGGAGAGGGCTACACCTTCGGTTCGGGGACCAGGTTAACCGTTGTAG,TRBV14*01,TRBJ1-2*01, TRBD1*01
69,AAGGCTGGAGTCACTCAAACTCCAAGATATCTGATCAAAACGAGAGGACAGCAAGTGACACTGAGCTGCTCCCCTATCTCTGGGCATAGGAGTGTATCCTGGTACCAACAGACCCCAGGACAGGGCCTTCAGTTCCTCTTTGAATACTTCAGTGAGACACAGAGAAACAAAGGAAACTTCCCTGGTCGATTCTCAGGGCGCCAGTTCTCTAACTCTCGCTCTGAGATGAATGTGAGCACCTTGGAGCTGGGGGACTCGGCCCTTTATCTTTGCGCCAGCAGCTTGCTCTCAAATGGGACGGGGGAGAGCTACGAGCAGTACTTCGGGCCGGGCACCAGGCTCACGGTCACAG,TRBV5-1*01,TRBJ2-7*01, TRBD2*01
70,GATGCTGGAGTTATCCAGTCACCCCGCCATGAGGTGACAGAGATGGGACAAGAAGTGACTCTGAGATGTAAACCAATTTCAGGCCACAACTCCCTTTTCTGGTACAGACAGACCATGATGCGGGGACTGGAGTTGCTCATTTACTTTAACAACAACGTTCCGATAGATGATTCAGGGATGCCCGAGGATCGATTCTCAGCTAAGATGCCTAATGCATCATTCTCCACTCTGAAGATCCAGCCCTCAGAACCCAGGGACTCAGCTGTGTACTTCTGTGCCAGCAGGTCTTCGAGAGGGACAGAGAGGCACCGGGGAGCTGTTTTTTGGAGAAGGCTCTAGGCTGACCGTACTGG,TRBV12-3*01,TRBJ2-2*01, TRBD1*01
71,GATACTGGAGTCTCCCAGAACCCCAGACACAAGATCACAAAGAGGGGACAGAATGTAACTTTCAGGTGTGATCCAATTTCTGAACACAACCGCCTTTATTGGTACCGACAGACCCTGGGGCAGGGCCCAGAGTTTCTGACTTACTTCCAGAATGAAGCTCAACTAGAAAAATCAAGGCTGCTCAGTGATCGGTTCTCTGCAGAGAGGCCTAAGGGATCTCTCTCCACCTTGGAGATCCAGCGCACAGAGCAGGGGGACTCGGCCATGTATCTCTGTGGTAAGGAGACCACAGATACGCAGTATTTTGGCCCAGGCACCCGGCTGACAGTGCTCG,TRBV7-9*05,TRBJ2-3*01, TRBD1*01
72,ACAGCTGTTTCCCAGACTCCAAAATACCTGGTCACACAGATGGGAAACGACAAGTCCATTAAATGTGAACAAAATCTGGGCCATGATACTATGTATTGGTATAAACAGGACTCTAAGAAATTTCTGAAGATAATGTTTAGCTACAATAATAAGGAGCTCATTATAAATGAAACAGTTCCAAATCGCTTCTCACCTAAATCTCCAGACAAAGCTCACTTAAATCTTCACATCAATTCCCTGGAGCTTGGTGACTCTGCTGTGTATTTCTGTGCCAGCAGCCGCCCAGAAGGGACCAGCACAGCCAAAAACATTCAGTACTTCGGCGCCGGGACCCGGCTCTCAGTGCTGG,TRBV3-1*01,TRBJ2-4*01, TRBD2*02
73,AATGCTGGTGTCACTCAGACCCCAAAATTCCAGGTCCTGAAGACAGGACAGAGCATGACACTGCAGTGTGCCCAGGATATGAACCATAACTCCATGTACTGGTATCGACAAGACCCAGGCATGGGACTGAGGCTGATTTATTACTCAGCTTCTGAGGGTACCACTGACAAAGGAGAAGTCCCCAATGGCTACAATGTCTCCAGATTAAACAAACGGGAGTTCTCGCTCAGGCTGGAGTCGGCTGCTCCCTCCCAGACATCTGTGTACTTCTGTGCCAGCAGTGAAGGTAAGTAGCTATGGCTACACCTTCGGTTCGGGGACCAGGTTAACCGTTGTAG,TRBV6-1*01,TRBJ1-2*01, TRBD2*02
74,GATGTGAAAGTAACCCAGAGCTCGAGATATCTAGTCAAAAGGACGGGAGAGAAAGTTTTTCTGGAATGTGTCCAGGATATGGACCATGAAAATATGTTCTGGTATCGACAAGACCCAGGTCTGGGGCTACGGCTGATCTATTTCTCATATGATGTTAAAATGAAAGAAAAAGGAGATATTCCTGAGGGGTACAGTGTCTCTAGAGAGAAGAAGGAGCGCTTCTCCCTGATTCTGGAGTCCGCCAGCACCAACCAGACATCTATGTACCTCTGTGCCAGCAGTTTAGGACAGGGATGGCTACACCTTCGGTTCGGGGACCAGGTTAACCGTTGTAG,TRBV28*01,TRBJ1-2*01, TRBD1*01
75,AAGGCTGGAGTCACTCAAACTCCAAGATATCTGATCAAAACGAGAGGACAGCAAGTGACACTGAGCTGCTCCCCTATCTCTGGGCATAGGAGTGTATCCTGGTACCAACAGACCCCAGGACAGGGCCTTCAGTTCCTCTTTGAATACTTCAGTGAGACACAGAGAAACAAAGGAAACTTCCCTGGTCGATTCTCAGGGCGCCAGTTCTCTAACTCTCGCTCTGAGATGAATGTGAGCACCTTGGAGCTGGGGGACTCGGCCCTTTATCTTTGCGCCAGCAGCTTCTTTCGGGGGACAGCTTCAACAGATACGCAGTATTTTGGCCCAGGCACCCGGCTGACAGTGCTCG,TRBV5-1*01,TRBJ2-3*01, TRBD1*01
76,GAAGCTGAAGTTGCCCAGTCCCCCAGATATAAGATTACAGAGAAAAGCCAGGCTGTGGCTTTTTGGTGTGATCCTATTTCTGGCCATGCTACCCTTTACTGGTACCGGCAGATCCTGGGACAGGGCCCGGAGCTTCTGGTTCAATTTCAGGATGAGAGTGTAGTAGATGATTCACAGTTGCCTAAGGATCGATTTTCTGCAGAGAGGCTCAAAGGAGTAGACTCCACTCTCAAGATCCAGCCTGCAGAGCTTGGGGACTCGGCCATGTATCTCTGTGCCAGCAGCTTAGCTATCGAGAGAGACCCAGTACTTCGGGCCAGGCACGCGGCTCCTGGTGCTCG,TRBV11-1*01,TRBJ2-5*01, TRBD2*02
77,AATGCTGGTGTCACTCAGACCCCAAAATTCCGGGTCCTGAAGACAGGACAGAGCATGACACTGCTGTGTGCCCAGGATATGAACCATGAATACATGTACTGGTATCGACAAGACCCAGGCATGGGGCTGAGGCTGATTCATTACTCAGTTGGTGAGGGTACAACTGCCAAAGGAGAGGTCCCTGATGGCTACAATGTCTCCAGATTAAAAAAACAGAATTTCCTGCTGGGGTTGGAGTCGGCTGCTCCCTCCCAAACATCTGTGTACTTCTGTGCCAGCAGTTCTGTAGACCCCCCAAGAGACCCAGTACTTCGGGCCAGGCACGCGGCTCCTGGTGCTCG,TRBV6-2*01,TRBJ2-5*01, TRBD2*02
78,AATGCTGGTGTCACTCAGACCCCAAAATTCCACATCCTGAAGACAGGACAGAGCATGACACTGCAGTGTGCCCAGGATATGAACCATGGATACATGTCCTGGTATCGACAAGACCCAGGCATGGGGCTGAGACTGATTTACTACTCAGCTGCTGCTGGTACTACTGACAAAGAAGTCCCCAATGGCTACAATGTCTCTAGATTAAACACAGAGGATTTCCCACTCAGGCTGGTGTCGGCTGCTCCCTCCCAGACATCTGTGTACTTGTGTGCCAGCCTCCACGGGACGTGGAGACCCAGTACTTCGGGCCAGGCACGCGGCTCCTGGTGCTCG,TRBV6-8*01,TRBJ2-5*01, TRBD2*02
79,AATGCTGGTGTCACTCAGACCCCAAAATTCCGGGTCCTGAAGACAGGACAGAGCATGACACTGCTGTGTGCCCAGGATATGAACCATGAATACATGTACTGGTATCGACAAGACCCAGGCATGGGGCTGAGGCTGATTCATTACTCAGTTGGTGAGGGTACAACTGCCAAAGGAGAGGTCCCTGATGGCTACAATGTCTCCAGATTAAAAAAACAGAATTTCCTGCTGGGGTTGGAGTCGGCTGCTCCCTCCCAAACATCTGTGTACTTCTGTGCCAGCAGTTACTACTTCTAACGGCGGGGTCTATAGACTACGAGCAGTACTTCGGGCCGGGCACCAGGCTCACGGTCACAG,TRBV6-2*01,TRBJ2-7*01, TRBD1*01
80,GGTGCTGTCGTCTCTCAACATCCGAGCTGGGTTATCTGTAAGAGTGGAACCTCTGTGAAGATCGAGTGCCGTTCCCTGGACTTTCAGGCCACAACTATGTTTTGGTATCGTCAGTTCCCGAAACAGAGTCTCATGCTGATGGCAACTTCCAATGAGGGCTCCAAGGCCACATACGAGCAAGGCGTCGAGAAGGACAAGTTTCTCATCAACCATGCAAGCCTGACCTTGTCCACTCTGACAGTGACCAGTGCCCATCCTGAAGACAGCAGCTTCTACATCTGCAGTGCTAGATATCGCGGGAGGAAAGAATAGCAATCAGCCCCAGCATTTTGGTGATGGGACTCGACTCTCCATCCTAG,TRBV20-1*01,TRBJ1-5*01, TRBD2*02
81,GATGCTGGAGTTATCCAGTCACCCCGCCATGAGGTGACAGAGATGGGACAAGAAGTGACTCTGAGATGTAAACCAATTTCAGGCCACAACTCCCTTTTCTGGTACAGACAGACCATGATGCGGGGACTGGAGTTGCTCATTTACTTTAACAACAACGTTCCGATAGATGATTCAGGGATGCCCGAGGATCGATTCTCAGCTAAGATGCCTAATGCATCATTCTCCACTCTGAAGATCCAGCCCTCAGAACCCAGGGACTCAGCTGTGTACTTCTGTGCCAGCAGAGAGCCGGGACAGGGGGTCCCCTATGGCTACACCTTCGGTTCGGGGACCAGGTTAACCGTTGTAG,TRBV12-3*01,TRBJ1-2*01, TRBD1*01
82,GATGCCATGGTCATCCAGAACCCAAGATACCAGGTTACCCAGTTTGGAAAGCCAGTGACCCTGAGTTGTTCTCAGACTTTGAACCATAACGTCATGTACTGGTACCAGCAGAAGTCAAGTCAGGCCCCAAAGCTGCTGTTCCACTACTATGACAAAGATTTTAACAATGAAGCAGACACCCCTGATAACTTCCAATCCAGGAGGCCGAACACTTCTTTCTGCTTTCTTGACATCCGCTCACCAGGCCTGGGGGACGCAGCCATGTACCTGTGTGCCACCCTAGCGGGGAAGGGGTCCTACAATGAGCAGTTCTTCGGGCCAGGGACACGGCTCACCGTGCTAG,TRBV15*02,TRBJ2-1*01, TRBD2*01
83,AAGGCTGGAGTCACTCAAACTCCAAGATATCTGATCAAAACGAGAGGACAGCAAGTGACACTGAGCTGCTCCCCTATCTCTGGGCATAGGAGTGTATCCTGGTACCAACAGACCCCAGGACAGGGCCTTCAGTTCCTCTTTGAATACTTCAGTGAGACACAGAGAAACAAAGGAAACTTCCCTGGTCGATTCTCAGGGCGCCAGTTCTCTAACTCTCGCTCTGAGATGAATGTGAGCACCTTGGAGCTGGGGGACTCGGCCCTTTATCTTTGCGCCAGCAGCCCCCAGGGGGGGGCCGTGGACGGATTACGAGCTCCTACAATGAGCAGTTCTTCGGGCCAGGGACACGGCTCACCGTGCTAG,TRBV5-1*01,TRBJ2-1*01, TRBD2*01
84,CATGCCAAAGTCACACAGACTCCAGGACATTTGGTCAAAGGAAAAGGACAGAAAACAAAGATGGATTGTACCCCCGAAAAAGGACATACTTTTGTTTATTGGTATCAACAGAATCAGAATAAAGAGTTTATGCTTTTGATTTCCTTTCAGAATGAACAAGTTCTTCAAGAAACGGAGATGCACAAGAAGCGATTCTCATCTCAATGCCCCAAGAACGCACCCTGCAGCCTGGCAATCCTGTCCTCAGAACCGGGAGACACGGCACTGTATCTCTGCGCCAGCCCATGCCTATTATACGAGCAGTACTTCGGGCCGGGCACCAGGCTCACGGTCACAG,TRBV23-1*01,TRBJ2-7*01, TRBD2*02
85,AATGCCGGCGTCATGCAGAACCCAAGACACCTGGTCAGGAGGAGGGGACAGGAGGCAAGACTGAGATGCAGCCCAATGAAAGGACACAGTCATGTTTACTGGTATCGGCAGCTCCCAGAGGAAGGTCTGAAATTCATGGTTTATCTCCAGAAAGAAAATATCATAGATGAGTCAGGAATGCCAAAGGAACGATTTTCTGCTGAATTTCCCAAAGAGGGCCCCAGCATCCTGAGGATCCAGCAGGTAGTGCGAGGAGATTCGGCAGCTTATTTCTGTGCCAGCTCACCCGGATGCCTTTAGTCCCCGGGGAGCTGTTTTTTGGAGAAGGCTCTAGGCTGACCGTACTGG,TRBV18*01,TRBJ2-2*01, TRBD2*02
86,AGTGCTGTCATCTCTCAAAAGCCAAGCAGGGATATCTGTCAACGTGGAACCTCCCTGACGATCCAGTGTCAAGTCGATAGCCAAGTCACCATGATGTTCTGGTACCGTCAGCAACCTGGACAGAGCCTGACACTGATCGCAACTGCAAATCAGGGCTCTGAGGCCACATATGAGAGTGGATTTGTCATTGACAAGTTTCCCATCAGCCGCCCAAACCTAACATTCTCAACTCTGACTGTGAGCAACATGAGCCCTGAAGACAGCAGCATATATCTCTGCAGCGTTGTTAAGGGGGGGACAGGGGTGCGTGAGGGCTGCTGTCAGATACGCAGTATTTTGGCCCAGGCACCCGGCTGACAGTGCTCG,TRBV29-1*01,TRBJ2-3*01, TRBD1*01
87,GGAGCTGGAGTCTCCCAGTCCCCCAGTAACAAGGTCACAGAGAAGGGAAAGGATGTAGAGCTCAGGTGTGATCCAATTTCAGGTCATACTGCCCTTTACTGGTACCGACAGAGCCTGGGGCAGGGCCTGGAGTTTTTAATTTACTTCCAAGGCAACAGTGCACCAGACAAATCAGGGCTGCCCAGTGATCGCTTCTCTGCAGAGAGGACTGGGGGATCCGTCTCCACTCTGACGATCCAGCGCACACAGCAGGAGGACTCGGCCGTGTATCTCTGTGCCAGCAGACAGGGATCCTCTGGAAACACCATATATTTTGGAGAGGGAAGTTGGCTCACTGTTGTAG,TRBV7-2*01,TRBJ1-3*01, TRBD1*01
88,GCTGCTGGAGTCATCCAGTCCCCAAGACATCTGATCAAAGAAAAGAGGGAAACAGCCACTCTGAAATGCTATCCTATCCCTAGACACGACACTGTCTACTGGTACCAGCAGGGTCCAGGTCAGGACCCCCAGTTCCTCATTTCGTTTTATGAAAAGATGCAGAGCGATAAAGGAAGCATCCCTGATCGATTCTCAGCTCAACAGTTCAGTGACTATCATTCTGAACTGAACATGAGCTCCTTGGAGCTGGGGGACTCAGCCCTGTACTTCTGTGCCAGCAGCTTACTGGACAGGAATCAGGCTACACCTTCGGTTCGGGGACCAGGTTAACCGTTGTAG,TRBV13*01,TRBJ1-2*01, TRBD1*01
89,GGTGCTGGAGTCTCCCAGACCCCCAGTAACAAGGTCACAGAGAAGGGAAAATATGTAGAGCTCAGGTGTGATCCAATTTCAGGTCATACTGCCCTTTACTGGTACCGACAAAGCCTGGGGCAGGGCCCAGAGTTTCTAATTTACTTCCAAGGCACGGGTGCGGCAGATGACTCAGGGCTGCCCAACGATCGGTTCTTTGCAGTCAGGCCTGAGGGATCCGTCTCTACTCTGAAGATCCAGCGCACAGAGCGGGGGGACTCAGCCGTGTATCTCTGTGCCAGCAGCCCTGACTAGCGGCTAAGGGGATGAGCAGTTCTTCGGGCCAGGGACACGGCTCACCGTGCTAG,TRBV7-3*01,TRBJ2-1*01, TRBD2*01
90,GGTGCTGTCGTCTCTCAACATCCGAGCTGGGTTATCTGTAAGAGTGGAACCTCTGTGAAGATCGAGTGCCGTTCCCTGGACTTTCAGGCCACAACTATGTTTTGGTATCGTCAGTTCCCGAAACAGAGTCTCATGCTGATGGCAACTTCCAATGAGGGCTCCAAGGCCACATACGAGCAAGGCGTCGAGAAGGACAAGTTTCTCATCAACCATGCAAGCCTGACCTTGTCCACTCTGACAGTGACCAGTGCCCATCCTGAAGACAGCAGCTTCTACATCTGCAGTGCTCCCCCTGGCCTTGACATACGAGCAGTACTTCGGGCCGGGCACCAGGCTCACGGTCACAG,TRBV20-1*01,TRBJ2-7*01, TRBD2*02
91,GATGCTGGAATCACCCAGAGCCCAAGACACAAGGTCACAGAGACAGGAACACCAGTGACTCTGAGATGTCACCAGACTGAGAACCACCGCTATATGTACTGGTATCGACAAGACCCGGGGCATGGGCTGAGGCTGATCCATTACTCATATGGTGTTAAAGATACTGACAAAGGAGAAGTCTCAGATGGCTATAGTGTCTCTAGATCAAAGACAGAGGATTTCCTCCTCACTCTGGAGTCCGCTACCAGCTCCCAGACATCTGTGTACTTCTGTGCCATCAGGCTACGAGCAGTACTTCGGGCCGGGCACCAGGCTCACGGTCACAG,TRBV10-3*01,TRBJ2-7*01, TRBD2*02
92,GAGACTGGAGTCACCCAAAGTCCCACACACCTGATCAAAACGAGAGGACAGCAAGTGACTCTGAGATGCTCTTCTCAGTCTGGGCACAACACTGTGTCCTGGTACCAACAGGCCCTGGGTCAGGGGCCCCAGTTTATCTTTCAGTATTATAGGGAGGAAGAGAATGGCAGAGGAAACTTCCCTCCTAGATTCTCAGGTCTCCAGTTCCCTAATTATAGCTCTGAGCTGAATGTGAACGCCTTGGAGCTGGACGACTCGGCCCTGTATCTCTGTGCCAGCAGCTTAGCTCGGGACAGGTGGCTACACCTTCGGTTCGGGGACCAGGTTAACCGTTGTAG,TRBV5-4*01,TRBJ1-2*01, TRBD1*01
93,GATACTGGAGTCTCCCAGAACCCCAGACACAAGATCACAAAGAGGGGACAGAATGTAACTTTCAGGTGTGATCCAATTTCTGAACACAACCGCCTTTATTGGTACCGACAGACCCTGGGGCAGGGCCCAGAGTTTCTGACTTACTTCCAGAATGAAGCTCAACTAGAAAAATCAAGGCTGCTCAGTGATCGGTTCTCTGCAGAGAGGCCTAAGGGATCTCTTTCCACCTTGGAGATCCAGCGCACAGAGCAGGGGGACTCGGCCATGTATCTCTGTGCCAGCAGCTTACTTCCGACTAGTAGCGGGACACAGATACGCAGTATTTTGGCCCAGGCACCCGGCTGACAGTGCTCG,TRBV7-9*06,TRBJ2-3*01, TRBD2*02
94,GATGTGAAAGTAACCCAGAGCTCGAGATATCTAGTCAAAAGGACGGGAGAGAAAGTTTTTCTGGAATGTGTCCAGGATATGGACCATGAAAATATGTTCTGGTATCGACAAGACCCAGGTCTGGGGCTACGGCTGATCTATTTCTCATATGATGTTAAAATGAAAGAAAAAGGAGATATTCCTGAGGGGTACAGTGTCTCTAGAGAGAAGAAGGAGCGCTTCTCCCTGATTCTGGAGTCCGCCAGCACCAACCAGACATCTATGTACCTCTGTGCCAGCAGGGCAGCAGCCCCAGCATTTTGGTGATGGGACTCGACTCTCCATCCTAG,TRBV28*01,TRBJ1-5*01, TRBD1*01
95,AAGGCTGGAGTCACTCAAACTCCAAGATATCTGATCAAAACGAGAGGACAGCAAGTGACACTGAGCTGCTCCCCTATCTCTGGGCATAGGAGTGTATCCTGGTACCAACAGACCCCAGGACAGGGCCTTCAGTTCCTCTTTGAATACTTCAGTGAGACACAGAGAAACAAAGGAAACTTCCCTGGTCGATTCTCAGGGCGCCAGTTCTCTAACTCTCGCTCTGAGATGAATGTGAGCACCTTGGAGCTGGGGGACTCGGCCCTTTATCTTTGCGCCAGCAGCTTGGGAGGGGACTAGCGGAGGGATACGCAGTATTTTGGCCCAGGCACCCGGCTGACAGTGCTCG,TRBV5-1*01,TRBJ2-3*01, TRBD2*01
96,GATGCTAGAGTCACCCAGACACCAAGGCACAAGGTGACAGAGATGGGACAAGAAGTAACAATGAGATGTCAGCCAATTTTAGGCCACAATACTGTTTTCTGGTACAGACAGACCATGATGCAAGGACTGGAGTTGCTGGCTTACTTCCGCAACCGGGCTCCTCTAGATGATTCGGGGATGCCGAAGGATCGATTCTCAGCAGAGATGCCTGATGCAACTTTAGCCACTCTGAAGATCCAGCCCTCAGAACCCAGGGACTCAGCTGTGTATTTTTGTGCTAGTGGTTTCTTCTAGGACCCTTTATAATTCACCCCTCCACTTTGGGAACGGGACCAGGCTCACTGTGACAG,TRBV12-5*01,TRBJ1-6*02, TRBD1*01
97,GATTCTGGAGTCACACAAACCCCAAAGCACCTGATCACAGCAACTGGACAGCGAGTGACGCTGAGATGCTCCCCTAGGTCTGGAGACCTCTCTGTGTACTGGTACCAACAGAGCCTGGACCAGGGCCTCCAGTTCCTCATTCAGTATTATAATGGAGAAGAGAGAGCAAAAGGAAACATTCTTGAACGATTCTCCGCACAACAGTTCCCTGACTTGCACTCTGAACTAAACCTGAGCTCTCTGGAGCTGGGGGACTCAGCTTTGTATTTCTGTGCCAGCAGCGTAGTATCGAAACGACCATTTGGCTACACCTTCGGTTCGGGGACCAGGTTAACCGTTGTAG,TRBV9*01,TRBJ1-2*01, TRBD1*01
98,GGTGCTGGAGTCTCCCAGACCCCCAGTAACAAGGTCACAGAGAAGGGAAAATATGTAGAGCTCAGGTGTGATCCAATTTCAGGTCATACTGCCCTTTACTGGTACCGACAAAGCCTGGGGCAGGGCCCAGAGTTTCTAATTTACTTCCAAGGCACGGGTGCGGCAGATGACTCAGGGCTGCCCAACGATCGGTTCTTTGCAGTCAGGCCTGAGGGATCCGTCTCTACTCTGAAGATCCAGCGCACAGAGCGGGGGGACTCAGCCGTGTATCTCTGTGCCAGCAGCAGCCACGAAACAGGGGAGATCTCTGGAAACACCATATATTTTGGAGAGGGAAGTTGGCTCACTGTTGTAG,TRBV7-3*01,TRBJ1-3*01, TRBD1*01
99,AATGCTGGTGTCACTCAGACCCCAAAATTCCAGGTCCTGAAGACAGGACAGAGCATGACACTGCAGTGTGCCCAGGATATGAACCATGAATACATGTCCTGGTATCGACAAGACCCAGGCATGGGGCTGAGGCTGATTCATTACTCAGTTGGTGCTGGTATCACTGACCAAGGAGAAGTCCCCAATGGCTACAATGTCTCCAGATCAACCACAGAGGATTTCCCGCTCAGGCTGCTGTCGGCTGCTCCCTCCCAGACATCTGTGTACTTCTGTGCCAGCAGTTTTCAGGGAACGAGAATCAGCCCCAGCATTTTGGTGATGGGACTCGACTCTCCATCCTAG,TRBV6-5*01,TRBJ1-5*01, TRBD1*01
