seq_index	nt_sequence	aa_sequence	gene_choice_v	gene_choice_j	gene_choice_d
0	GATGCTGATGTTACCCAGACCCCAAGGAATAGGATCACAAAGACAGGAAAGAGGATTATGCTGGAATGTTCTCAGACTAAGGGTCATGATAGAATGTACTGGTATCGACAAGACCCAGGACTGGGCCTACGGTTGATCTATTACTCCTTTGATGTCAAAGATATAAACAAAGGAGAGATCTCTGATGGATACAGTGTCTCTCGACAGGCACAGGCTAAATTCTCCCTGTCCCTAGAGTCTGCCATCCCCAACCAGACAGCTCTTTACTTCTGTGCCACCAGTGCCCGGACAGGGGGTCTGTAGATTAGGGGTCACCAATCAGCCCCAGCATTTTGGTGATGGGACTCGACTCTCCATCCTAG	DADVTQTPRNRITKTGKRIMLECSQTKGHDRMYWYRQDPGLGLRLIYYSFDVKDINKGEISDGYSVSRQAQAKFSLSLESAIPNQTALYFCATSARTGGL*IRGHQSAPAFW*WDSTLHP	TRBV24-1*01	TRBJ1-5*01	TRBD1*01
1	GATGCTGGTGTTATCCAGTCACCCAGGCACAAAGTGACAGAGATGGGACAATCAGTAACTCTGAGATGCGAACCAATTTCAGGCCACAATGATCTTCTCTGGTACAGACAGACCTTTGTGCAGGGACTGGAATTGCTGAATTACTTCTGCAGCTGGACCCTCGTAGATGACTCAGGAGTGTCCAAGGATTGATTCTCAGCACAGATGCCTGATGTATCATTCTCCACTCTGAGGATCCAGCCCATGGAACCCAGGGACTTGGGCCTATATTTCTGTGCCAGCAGGTATGAGGGATGGCTCCTACAATGAGCAGTTCTTCGGGCCAGGGACACGGCTCACCGTGCTAG	DAGVIQSPRHKVTEMGQSVTLRCEPISGHNDLLWYRQTFVQGLELLNYFCSWTLVDDSGVSKD*FSAQMPDVSFSTLRIQPMEPRDLGLYFCASRYEGWLLQ*AVLRARDTAHRA	TRBV12-1*01	TRBJ2-1*01	TRBD2*02
2	AATGCTGGTGTCACTCAGACCCCAAAATTCCAGGTCCTGAAGACAGGACAGAGCATGACACTGCAGTGTGCCCAGGATATGAACCATGAATACATGTCCTGGTATCGACAAGACCCAGGCATGGGGCTGAGGCTGATTCATTACTCAGTTGGTGCTGGTATCACTGACCAAGGAGAAGTCCCCAATGGCTACAATGTCTCCAGATCAACCACAGAGGATTTCCCGCTCAGGCTGCTGTCGGCTGCTCCCTCCCAGACATCTGTGTACTTCTGTGCCAGCAGTTAGGGGGGGGGCCGGGTGAAGCTTTCTTTGGACAAGGCACCAGACTCACAGTTGTAG	NAGVTQTPKFQVLKTGQSMTLQCAQDMNHEYMSWYRQDPGMGLRLIHYSVGAGITDQGEVPNGYNVSRSTTEDFPLRLLSAAPSQTSVYFCASS*GGGRVKLSLDKAPDSQL*	TRBV6-5*01	TRBJ1-1*01	TRBD2*01
3	GAAGCCCAAGTGACCCAGAACCCAAGATACCTCATCACAGTGACTGGAAAGAAGTTAACAGTGACTTGTTCTCAGAATATGAACCATGAGTATATGTCCTGGTATCGACAAGACCCAGGGCTGGGCTTAAGGCAGATCTACTATTCAATGAATGTTGAGGTGACTGATAAGGGAGATGTTCCTGAAGGGTACAAAGTCTCTCGAAAAGAGAAGAGGAATTTCCCCCTGATCCTGGAGTCGCCCAGCCCCAACCAGACCTCTCTGTACTTCTGTGCCAGCAGGAACGCACGGAGGGTAGAACAATGAGCAGTTCTTCGGGCCAGGGACACGGCTCACCGTGCTAG	EAQVTQNPRYLITVTGKKLTVTCSQNMNHEYMSWYRQDPGLGLRQIYYSMNVEVTDKGDVPEGYKVSRKEKRNFPLILESPSPNQTSLYFCASRNARRVEQ*AVLRARDTAHRA	TRBV27*01	TRBJ2-1*01	TRBD2*02
4	GACACAGCTGTTTCCCAGACTCCAAAATACCTGGTCACACAGATGGGAAACGACAAGTCCATTAAATGTGAACAAAATCTGGGCCATGATACTATGTATTGGTATAAACAGGACTCTAAGAAATTTCTGAAGATAATGTTTAGCTACAATAATAAGGAGCTCATTATAAATGAAACAGTTCCAAATCGCTTCTCACCTAAATCTCCAGACAAAGCTCACTTAAATCTTCACATCAATTCCCTGGAGCTTGGTGACTCTGCTGTGTATTTCTGTGCCAGCAGCCCTCTACAGAGAGACCCAGTACTTCGGGCCAGGCACGCGGCTCCTGGTGCTCG	DTAVSQTPKYLVTQMGNDKSIKCEQNLGHDTMYWYKQDSKKFLKIMFSYNNKELIINETVPNRFSPKSPDKAHLNLHINSLELGDSAVYFCASSPLQRDPVLRARHAAPGA	TRBV3-1*01	TRBJ2-5*01	TRBD1*01
5	GACACCAAGGTCACCCAGAGACCTAGACTTCTGGTCAAAGCAAGTGAACAGAAAGCAAAGATGGATTGTGTTCCTATAAAAGCACATAGTTATGTTTACTGGTATCGTAAGAAGCTGGAAGAAGAGCTCAAGTTTTTGGTTTACTTTCAGAATGAAGAACTTATTCAGAAAGCAGAAATAATCAATGAGCGATTTTTAGCCCAATGCTCCAAAAACTCATCCTGTACCTTGGAGATCCAGTCCACGGAGTCAGGGGACACAGCACTGTATTTCTGTGCCAGCCATTCGTCGGACGTTCGAAGAGACCCAGTACTTCGGGCCAGGCACGCGGCTCCTGGTGCTCG	DTKVTQRPRLLVKASEQKAKMDCVPIKAHSYVYWYRKKLEEELKFLVYFQNEELIQKAEIINERFLAQCSKNSSCTLEIQSTESGDTALYFCASHSSDVRRDPVLRARHAAPGA	TRBV21-1*01	TRBJ2-5*01	TRBD2*01
6	CATGCCAAAGTCACACAGACTCCAGGACATTTGGTCAAAGGAAAAGGACAGAAAACAAAGATGGATTGTACCCCCGAAAAAGGACATACTTTTGTTTATTGGTATCAACAGAATCAGAATAAAGAGTTTATGCTTTTGATTTCCTTTCAGAATGAACAAGTTCTTCAAGAAACGGAGATGCACAAGAAGCGATTCTCATCTCAATGCCCCAAGAACGCACCCTGCAGCCTGGCAATCCTGTCCTCAGAACCGGGAGACACGGCACTGTATCTCTGCGCCAGCAGTCAATCGATGGGGCGGGAGCGGGTGAGCAGTTCTTCGGGCCAGGGACACGGCTCACCGTGCTAG	HAKVTQTPGHLVKGKGQKTKMDCTPEKGHTFVYWYQQNQNKEFMLLISFQNEQVLQETEMHKKRFSSQCPKNAPCSLAILSSEPGDTALYLCASSQSMGRERVSSSSGQGHGSPC*	TRBV23-1*01	TRBJ2-1*01	TRBD2*02
7	GAGACTGGAGTCACCCAAAGTCCCACACACCTGATCAAAACGAGAGGACAGCAAGTGACTCTGAGATGCTCTTCTCAGTCTGGGCACAACACTGTGTCCTGGTACCAACAGGCCCTGGGTCAGGGGCCCCAGTTTATCTTTCAGTATTATAGGGAGGAAGAGAATGGCAGAGGAAACTTCCCTCCTAGATTCTCAGGTCTCCAGTTCCCTAATTATAGCTCTGAGCTGAATGTGAACGCCTTGGAGCTGGACGACTCGGCCCTGTATCTCTGTGCCAGCAGACGTCGGACTTACAAGAGACCCAGTACTTCGGGCCAGGCACGCGGCTCCTGGTGCTCG	ETGVTQSPTHLIKTRGQQVTLRCSSQSGHNTVSWYQQALGQGPQFIFQYYREEENGRGNFPPRFSGLQFPNYSSELNVNALELDDSALYLCASRRRTYKRPSTSGQARGSWCS	TRBV5-4*01	TRBJ2-5*01	TRBD2*01
8	GGTGCTGGAGTCTCCCAGACCCCCAGTAACAAGGTCACAGAGAAGGGAAAATATGTAGAGCTCAGGTGTGATCCAATTTCAGGTCATACTGCCCTTTACTGGTACCGACAAAGCCTGGGGCAGGGCCCAGAGTTTCTAATTTACTTCCAAGGCACGGGTGCGGCAGATGACTCAGGGCTGCCCAACGATCGGTTCTTTGCAGTCAGGCCTGAGGGATCCGTCTCTACTCTGAAGATCCAGCGCACAGAGCGGGGGGACTCAGCCGTGTATCTCTCCGGGTTACTAGCGGGAGTAAAAGAGACCCAGTACTTCGGGCCAGGCACGCGGCTCCTGGTGCTCG	GAGVSQTPSNKVTEKGKYVELRCDPISGHTALYWYRQSLGQGPEFLIYFQGTGAADDSGLPNDRFFAVRPEGSVSTLKIQRTERGDSAVYLSGLLAGVKETQYFGPGTRLLVL	TRBV7-3*01	TRBJ2-5*01	TRBD2*02
9	GAGACTGGAGTCACCCAAAGTCCCACACACCTGATCAAAACGAGAGGACAGCAAGTGACTCTGAGATGCTCTTCTCAGTCTGGGCACAACACTGTGTCCTGGTACCAACAGGCCCTGGGTCAGGGGCCCCAGTTTATCTTTCAGTATTATAGGGAGGAAGAGAATGGCAGAGGAAACTTCCCTCCTAGATTCTCAGGTCTCCAGTTCCCTAATTATAGCTCTGAGCTGAATGTGAACGCCTTGGAGCTGGACGACTCGGCCCTGTATCTCTGTGCCAGCAGCCTCCGGCAGGGAAACTATGGCTACACCTTCGGTTCGGGGACCAGGTTAACCGTTGTAG	ETGVTQSPTHLIKTRGQQVTLRCSSQSGHNTVSWYQQALGQGPQFIFQYYREEENGRGNFPPRFSGLQFPNYSSELNVNALELDDSALYLCASSLRQGNYGYTFGSGTRLTVV	TRBV5-4*01	TRBJ1-2*01	TRBD1*01
10	GGTGCTGGAGTCTCCCAGACCCCCAGTAACAAGGTCACAGAGAAGGGAAAATATGTAGAGCTCAGGTGTGATCCAATTTCAGGTCATACTGCCCTTTACTGGTACCGACAAAGCCTGGGGCAGGGCCCAGAGTTTCTAATTTACTTCCAAGGCACGGGTGCGGCAGATGACTCAGGGCTGCCCAACGATCGGTTCTTTGCAGTCAGGCCTGAGGGATCCGTCTCTACTCTGAAGATCCAGCGCACAGAGCGGGGGGACTCAGCCGTGTATCTCTGTGCCAGCAGCAGCAGGGATCTACAATGAGCAGTTCTTCGGGCCAGGGACACGGCTCACCGTGCTAG	GAGVSQTPSNKVTEKGKYVELRCDPISGHTALYWYRQSLGQGPEFLIYFQGTGAADDSGLPNDRFFAVRPEGSVSTLKIQRTERGDSAVYLCASSSRDLQ*AVLRARDTAHRA	TRBV7-3*01	TRBJ2-1*01	TRBD1*01
11	GATGCTGATGTTACCCAGACCCCAAGGAATAGGATCACAAAGACAGGAAAGAGGATTATGCTGGAATGTTCTCAGACTAAGGGTCATGATAGAATGTACTGGTATCGACAAGACCCAGGACTGGGCCTACGGTTGATCTATTACTCCTTTGATGTCAAAGATATAAACAAAGGAGAGATCTCTGATGGATACAGTGTCTCTCGACAGGCACAGGCTAAATTCTCCCTGTCCCTAGAGTCTGCCATCCCCAACCAGACAGCTCTTTACTTCTGTGCCACCAGTGATTTGGGGCTATTTCAGGGACAGGCATTATGGCTACACCTTCGGTTCGGGGACCAGGTTAACCGTTGTAG	DADVTQTPRNRITKTGKRIMLECSQTKGHDRMYWYRQDPGLGLRLIYYSFDVKDINKGEISDGYSVSRQAQAKFSLSLESAIPNQTALYFCATSDLGLFQGQALWLHLRFGDQVNRC	TRBV24-1*01	TRBJ1-2*01	TRBD1*01
12	CATGCCAAAGTCACACAGACTCCAGGACATTTGGTCAAAGGAAAAGGACAGAAAACAAAGATGGATTGTACCCCCGAAAAAGGACATACTTTTGTTTATTGGTATCAACAGAATCAGAATAAAGAGTTTATGCTTTTGATTTCCTTTCAGAATGAACAAGTTCTTCAAGAAACGGAGATGCACAAGAAGCGATTCTCATCTCAATGCCCCAAGAACGCACCCTGCAGCCTGGCAATCCTGTCCTCAGAACCGGGAGACACGGCACTGTATCTCTGCGCCAGCAGTCAATCGGAAAACCCAGAGCAATACGAGCAGTACTTCGGGCCGGGCACCAGGCTCACGGTCACAG	HAKVTQTPGHLVKGKGQKTKMDCTPEKGHTFVYWYQQNQNKEFMLLISFQNEQVLQETEMHKKRFSSQCPKNAPCSLAILSSEPGDTALYLCASSQSENPEQYEQYFGPGTRLTVT	TRBV23-1*01	TRBJ2-7*01	TRBD2*02
13	GAAGCTGGAGTTGCCCAGTCTCCCAGATATAAGATTATAGAGAAAAGGCAGAGTGTGGCTTTTTGGTGCAATCCTATATCTGGCCATGCTACCCTTTACTGGTACCAGCAGATCCTGGGACAGGGCCCAAAGCTTCTGATTCAGTTTCAGAATAACGGTGTAGTGGATGATTCACAGTTGCCTAAGGATCGATTTTCTGCAGAGAGGCTCAAAGGAGTAGACTCCACTCTCAAGATCCAGCCTGCAAAGCTTGAGGACTCGGCCGTGTATCTCTGTGCCAGCAGCTTCGGAATGGGGACGTCCCGGTACGAGCAGTACTTCGGGCCGGGCACCAGGCTCACGGTCACAG	EAGVAQSPRYKIIEKRQSVAFWCNPISGHATLYWYQQILGQGPKLLIQFQNNGVVDDSQLPKDRFSAERLKGVDSTLKIQPAKLEDSAVYLCASSFGMGTSRYEQYFGPGTRLTVT	TRBV11-2*01	TRBJ2-7*01	TRBD1*01
14	GAAGCTGGAGTTGCCCAGTCTCCCAGATATAAGATTATAGAGAAAAGGCAGAGTGTGGCTTTTTGGTGCAATCCTATATCTGGCCATGCTACCCTTTACTGGTACCAGCAGATCCTGGGACAGGGCCCAAAGCTTCTGATTCAGTTTCAGAATAACGGTGTAGTGGATGATTCACAGTTGCCTAAGGATCGATTTTCTGCAGAGAGGCTCAAAGGAGTAGACTCCACTCTCAAGATCCAGCCTGCAAAGCTTGAGGACTCGGCCGTGTATCTCTGTGCCAGCAGGTTTTCTCGGGGGGCTAGCTAACTATGGCTACACCTTCGGTTCGGGGACCAGGTTAACCGTTGTAG	EAGVAQSPRYKIIEKRQSVAFWCNPISGHATLYWYQQILGQGPKLLIQFQNNGVVDDSQLPKDRFSAERLKGVDSTLKIQPAKLEDSAVYLCASRFSRGAS*LWLHLRFGDQVNRC	TRBV11-2*01	TRBJ1-2*01	TRBD2*01
15	GATGCTGGAATCACCCAGAGCCCAAGATACAAGATCACAGAGACAGGAAGGCAGGTGACCTTGATGTGTCACCAGACTTGGAGCCACAGCTATATGTTCTGGTATCGACAAGACCTGGGACATGGGCTGAGGCTGATCTATTACTCAGCAGCTGCTGATATTACAGATAAAGGAGAAGTCCCCGATGGCTATGTTGTCTCCAGATCCAAGACAGAGAATTTCCCCCTCACTCTGGAGTCAGCTACCCGCTCCCAGACATCTGTGTATTTCTGCGCCATTATGACGTAACACTGAAGCTTTCTTTGGACAAGGCACCAGACTCACAGTTGTAG	DAGITQSPRYKITETGRQVTLMCHQTWSHSYMFWYRQDLGHGLRLIYYSAAADITDKGEVPDGYVVSRSKTENFPLTLESATRSQTSVYFCAIMT*H*SFLWTRHQTHSC	TRBV10-2*01	TRBJ1-1*01	TRBD1*01
16	GAAACGGGAGTTACGCAGACACCAAGACACCTGGTCATGGGAATGACAAATAAGAAGTCTTTGAAATGTGAACAACATCTGGGTCATAACGCTATGTATTGGTACAAGCAAAGTGCTAAGAAGCCACTGGAGCTCATGTTTGTCTACAGTCTTGAAGAACGGGTTGAAAACAACAGTGTGCCAAGTCGCTTCTCACCTGAATGCCCCAACAGCTCTCACTTATTCCTTCACCTACACACCCTGCAGCCAGAAGACTCGGCCCTGTATCTCTGCGCCAGCAGCCAAAACCAGTGGATTTGAAGCTTTCTTTGGACAAGGCACCAGACTCACAGTTGTAG	ETGVTQTPRHLVMGMTNKKSLKCEQHLGHNAMYWYKQSAKKPLELMFVYSLEERVENNSVPSRFSPECPNSSHLFLHLHTLQPEDSALYLCASSQNQWI*SFLWTRHQTHSC	TRBV4-3*01	TRBJ1-1*01	TRBD1*01
17	GATGGTGGAATCACTCAGTCCCCAAAGTACCTGTTCAGAAAGGAAGGACAGAATGTGACCCTGAGTTGTGAACAGAATTTGAACCACGATGCCATGTACTGGTACCGACAGGACCCAGGGCAAGGGCTGAGATTGATCTACTACTCACAGATAGTAAATGACTTTCAGAAAGGAGATATAGCTGAAGGGTACAGCGTCTCTCGGGAGAAGAAGGAATCCTTTCCTCTCACTGTGACATCGGCCCAAAAGAACCCGACAGCTTTCTATCTCTGTGCCAGTATCGCGGGACAGGGCCGCCTCTGGAAACACCATATATTTTGGAGAGGGAAGTTGGCTCACTGTTGTAG	DGGITQSPKYLFRKEGQNVTLSCEQNLNHDAMYWYRQDPGQGLRLIYYSQIVNDFQKGDIAEGYSVSREKKESFPLTVTSAQKNPTAFYLCASIAGQGRLWKHHIFWRGKLAHCC	TRBV19*01	TRBJ1-3*01	TRBD1*01
18	GACGCTGGAGTCACCCAAAGTCCCACACACCTGATCAAAACGAGAGGACAGCAAGTGACTCTGAGATGCTCTCCTATCTCTGGGCACAAGAGTGTGTCCTGGTACCAACAGGTCCTGGGTCAGGGGCCCCAGTTTATCTTTCAGTATTATGAGAAAGAAGAGAGAGGAAGAGGAAACTTCCCTGATCGATTCTCAGCTCGCCAGTTCCCTAACTATAGCTCTGAGCTGAATGTGAACGCCTTGTTGCTGGGGGACTCGGCCCTGTATCTCTGTGCCAGCAGCATTGCCCCGGACAGGGCTACACCTTCGGTTCGGGGACCAGGTTAACCGTTGTAG	DAGVTQSPTHLIKTRGQQVTLRCSPISGHKSVSWYQQVLGQGPQFIFQYYEKEERGRGNFPDRFSARQFPNYSSELNVNALLLGDSALYLCASSIAPDRATPSVRGPG*PL*	TRBV5-5*01	TRBJ1-2*01	TRBD1*01
19	GCTGCTGGAGTCATCCAGTCCCCAAGACATCTGATCAAAGAAAAGAGGGAAACAGCCACTCTGAAATGCTATCCTATCCCTAGACACGACACTGTCTACTGGTACCAGCAGGGTCCAGGTCAGGACCCCCAGTTCCTCATTTCGTTTTATGAAAAGATGCAGAGCGATAAAGGAAGCATCCCTGATCGATTCTCAGCTCAACAGTTCAGTGACTATCATTCTGAACTGAACATGAGCTCCTTGGAGCTGGGGGACTCAGCCCTGTACTTCTGTGCCAGCGCAGGGAGCGCGCTCAAGAGACCCAGTACTTCGGGCCAGGCACGCGGCTCCTGGTGCTCG	AAGVIQSPRHLIKEKRETATLKCYPIPRHDTVYWYQQGPGQDPQFLISFYEKMQSDKGSIPDRFSAQQFSDYHSELNMSSLELGDSALYFCASAGSALKRPSTSGQARGSWCS	TRBV13*01	TRBJ2-5*01	TRBD1*01
20	GATTCTGGAGTCACACAAACCCCAAAGCACCTGATCACAGCAACTGGACAGCGAGTGACGCTGAGATGCTCCCCTAGGTCTGGAGACCTCTCTGTGTACTGGTACCAACAGAGCCTGGACCAGGGCCTCCAGTTCCTCATTCAGTATTATAATGGAGAAGAGAGAGCAAAAGGAAACATTCTTGAACGATTCTCCGCACAACAGTTCCCTGACTTGCACTCTGAACTAAACCTGAGCTCTCTGGAGCTGGGGGACTCAGCTTTGTATTTCTGTGCCAGCAGCGTTTTCAGGGACAGGGGACTATGGCTACACCTTCGGTTCGGGGACCAGGTTAACCGTTGTAG	DSGVTQTPKHLITATGQRVTLRCSPRSGDLSVYWYQQSLDQGLQFLIQYYNGEERAKGNILERFSAQQFPDLHSELNLSSLELGDSALYFCASSVFRDRGLWLHLRFGDQVNRC	TRBV9*01	TRBJ1-2*01	TRBD1*01
21	ATTGCTGGGATCACCCAGGCACCAACATCTCAGATCCTGGCAGCAGGACGGCGCATGACACTGAGATGTACCCAGGATATGAGACATAATGCCATGTACTGGTATAGACAAGATCTAGGACTGGGGCTAAGGCTCATCCATTATTCAAATACTGCAGGTACCACTGGCAAAGGAGAAGTCCCTGATGGTTATAGTGTCTCCAGAGCAAACACAGATGATTTCCCCCTCACGTTGGCGTCTGCTGTACCCTCTCAGACATCTGTGTACTTCTGTGCCAGCAGGGCGGCGGGGACTGAAGCTTTCTTTGGACAAGGCACCAGACTCACAGTTGTAG	IAGITQAPTSQILAAGRRMTLRCTQDMRHNAMYWYRQDLGLGLRLIHYSNTAGTTGKGEVPDGYSVSRANTDDFPLTLASAVPSQTSVYFCASRAAGTEAFFGQGTRLTVV	TRBV6-4*01	TRBJ1-1*01	TRBD1*01
22	GGTGCTGGAGTCTCCCAGACCCCCAGTAACAAGGTCACAGAGAAGGGAAAATATGTAGAGCTCAGGTGTGATCCAATTTCAGGTCATACTGCCCTTTACTGGTACCGACAAAGCCTGGGGCAGGGCCCAGAGTTTCTAATTTACTTCCAAGGCACGGGTGCGGCAGATGACTCAGGGCTGCCCAACGATCGGTTCTTTGCAGTCAGGCCTGAGGGATCCGTCTCTACTCTGAAGATCCAGCGCACAGAGCGGGGGGACTCAGCCGTGTATCTCTGTGCCAGCAGCTCACAAGGAAGGACTAGCGGGGGGGTCTGGAACACTGAAGCTTTCTTTGGACAAGGCACCAGACTCACAGTTGTAG	GAGVSQTPSNKVTEKGKYVELRCDPISGHTALYWYRQSLGQGPEFLIYFQGTGAADDSGLPNDRFFAVRPEGSVSTLKIQRTERGDSAVYLCASSSQGRTSGGVWNTEAFFGQGTRLTVV	TRBV7-3*01	TRBJ1-1*01	TRBD2*01
23	GAAGCCCAAGTGACCCAGAACCCAAGATACCTCATCACAGTGACTGGAAAGAAGTTAACAGTGACTTGTTCTCAGAATATGAACCATGAGTATATGTCCTGGTATCGACAAGACCCAGGGCTGGGCTTAAGGCAGATCTACTATTCAATGAATGTTGAGGTGACTGATAAGGGAGATGTTCCTGAAGGGTACAAAGTCTCTCGAAAAGAGAAGAGGAATTTCCCCCTGATCCTGGAGTCGCCCAGCCCCAACCAGACCTCTCTGTACTTCTGTGCCAGCAGTTTCTCAGGACTAGCAAATTCTCCTACAATGAGCAGTTCTTCGGGCCAGGGACACGGCTCACCGTGCTAG	EAQVTQNPRYLITVTGKKLTVTCSQNMNHEYMSWYRQDPGLGLRQIYYSMNVEVTDKGDVPEGYKVSRKEKRNFPLILESPSPNQTSLYFCASSFSGLANSPTMSSSSGQGHGSPC*	TRBV27*01	TRBJ2-1*01	TRBD2*01
24	GAAGCTGGAGTTGCCCAGTCTCCCAGATATAAGATTATAGAGAAAAGGCAGAGTGTGGCTTTTTGGTGCAATCCTATATCTGGCCATGCTACCCTTTACTGGTACCAGCAGATCCTGGGACAGGGCCCAAAGCTTCTGATTCAGTTTCAGAATAACGGTGTAGTGGATGATTCACAGTTGCCTAAGGATCGATTTTCTGCAGAGAGGCTCAAAGGAGTAGACTCCACTCTCAAGATCCAGCCTGCAAAGCTTGAGGACTCGGCCGTGTATCTCTGTGCCAGCAGCTACTCAGACAGGGGAATCGAAGCCCCAGCATTTTGGTGATGGGACTCGACTCTCCATCCTAG	EAGVAQSPRYKIIEKRQSVAFWCNPISGHATLYWYQQILGQGPKLLIQFQNNGVVDDSQLPKDRFSAERLKGVDSTLKIQPAKLEDSAVYLCASSYSDRGIEAPAFW*WDSTLHP	TRBV11-2*01	TRBJ1-5*01	TRBD1*01
25	GAAGCTGACATCTACCAGACCCCAAGATACCTTGTTATAGGGACAGGAAAGAAGATCACTCTGGAATGTTCTCAAACCATGGGCCATGACAAAATGTACTGGTATCAACAAGATCCAGGAATGGAACTACACCTCATCCACTATTCCTATGGAGTTAATTCCACAGAGAAGGGAGATCTTTCCTCTGAGTCAACAGTCTCCAGAATAAGGACGGAGCATTTTCCCCTGACCCTGGAGTCTGCCAGGCCCTCACATACCTCTCAGTACCTCTGTGCCAGCAGTCTCCATCCCGGGACAGGCAGATACGCAGTATTTTGGCCCAGGCACCCGGCTGACAGTGCTCG	EADIYQTPRYLVIGTGKKITLECSQTMGHDKMYWYQQDPGMELHLIHYSYGVNSTEKGDLSSESTVSRIRTEHFPLTLESARPSHTSQYLCASSLHPGTGRYAVFWPRHPADSA	TRBV25-1*01	TRBJ2-3*01	TRBD1*01
26	GAACCTGAAGTCACCCAGACTCCCAGCCATCAGGTCACACAGATGGGACAGGAAGTGATCTTGCGCTGTGTCCCCATCTCTAATCACTTATACTTCTATTGGTACAGACAAATCTTGGGGCAGAAAGTCGAGTTTCTGGTTTCCTTTTATAATAATGAAATCTCAGAGAAGTCTGAAATATTCGATGATCAATTCTCAGTTGAAAGGCCTGATGGATCAAATTTCACTCTGAAGATCCGGTCCACAAAGCTGGAGGACTCAGCCATGTACTTCTGTGCCAGCAGTGAAGCATTTCTTAACTATGGCTACACCTTCGGTTCGGGGACCAGGTTAACCGTTGTAG	EPEVTQTPSHQVTQMGQEVILRCVPISNHLYFYWYRQILGQKVEFLVSFYNNEISEKSEIFDDQFSVERPDGSNFTLKIRSTKLEDSAMYFCASSEAFLNYGYTFGSGTRLTVV	TRBV2*01	TRBJ1-2*01	TRBD1*01
27	GATGCTGGAATCACCCAGAGCCCAAGATACAAGATCACAGAGACAGGAAGGCAGGTGACCTTGATGTGTCACCAGACTTGGAGCCACAGCTATATGTTCTGGTATCGACAAGACCTGGGACATGGGCTGAGGCTGATCTATTACTCAGCAGCTGCTGATATTACAGATAAAGGAGAAGTCCCCGATGGCTATGTTGTCTCCAGATCCAAGACAGAGAATTTCCCCCTCACTCTGGAGTCAGCTACCCGCTCCCAGACATCTGTGTATTTCTGCGCCACGACCCCGGGACAGGGGGCGAGGTTATGGCTACACCTTCGGTTCGGGGACCAGGTTAACCGTTGTAG	DAGITQSPRYKITETGRQVTLMCHQTWSHSYMFWYRQDLGHGLRLIYYSAAADITDKGEVPDGYVVSRSKTENFPLTLESATRSQTSVYFCATTPGQGARLWLHLRFGDQVNRC	TRBV10-2*01	TRBJ1-2*01	TRBD1*01
28	GATGCTGAAATCACCCAGAGCCCAAGACACAAGATCACAGAGACAGGAAGGCAGGTGACCTTGGCGTGTCACCAGACTTGGAACCACAACAATATGTTCTGGTATCGACAAGACCTGGGACATGGGCTGAGGCTGATCCATTACTCATATGGTGTTCAAGACACTAACAAAGGAGAAGTCTCAGATGGCTACAGTGTCTCTAGATCAAACACAGAGGACCTCCCCCTCACTCTGGAGTCTGCTGCCTCCTCCCAGACATCTGTATATTTCTGCGCCAGCAGTGTATTCCGACTCTCTGGCTACACCTTCGGTTCGGGGACCAGGTTAACCGTTGTAG	DAEITQSPRHKITETGRQVTLACHQTWNHNNMFWYRQDLGHGLRLIHYSYGVQDTNKGEVSDGYSVSRSNTEDLPLTLESAASSQTSVYFCASSVFRLSGYTFGSGTRLTVV	TRBV10-1*01	TRBJ1-2*01	TRBD1*01
29	GATGCTGATGTTACCCAGACCCCAAGGAATAGGATCACAAAGACAGGAAAGAGGATTATGCTGGAATGTTCTCAGACTAAGGGTCATGATAGAATGTACTGGTATCGACAAGACCCAGGACTGGGCCTACGGTTGATCTATTACTCCTTTGATGTCAAAGATATAAACAAAGGAGAGATCTCTGATGGATACAGTGTCTCTCGACAGGCACAGGCTAAATTCTCCCTGTCCCTAGAGTCTGCCATCCCCAACCAGACAGCTCTTTACTTCTGTGCCACCAGTGATTCCTCCCGGGCGCCCTGCCATCGGGGGACAGATTCGCTATAGCAATCAGCCCCAGCATTTTGGTGATGGGACTCGACTCTCCATCCTAG	DADVTQTPRNRITKTGKRIMLECSQTKGHDRMYWYRQDPGLGLRLIYYSFDVKDINKGEISDGYSVSRQAQAKFSLSLESAIPNQTALYFCATSDSSRAPCHRGTDSL*QSAPAFW*WDSTLHP	TRBV24-1*01	TRBJ1-5*01	TRBD1*01
30	GAAACGGGAGTTACGCAGACACCAAGACACCTGGTCATGGGAATGACAAATAAGAAGTCTTTGAAATGTGAACAACATCTGGGTCATAACGCTATGTATTGGTACAAGCAAAGTGCTAAGAAGCCACTGGAGCTCATGTTTGTCTACAGTCTTGAAGAACGGGTTGAAAACAACAGTGTGCCAAGTCGCTTCTCACCTGAATGCCCCAACAGCTCTCACTTATTCCTTCACCTACACACCCTGCAGCCAGAAGACTCGGCCCTGTATCTCTGCGCCAGCAGCCAAGGGAACTCACTGAAGCTTTCTTTGGACAAGGCACCAGACTCACAGTTGTAG	ETGVTQTPRHLVMGMTNKKSLKCEQHLGHNAMYWYKQSAKKPLELMFVYSLEERVENNSVPSRFSPECPNSSHLFLHLHTLQPEDSALYLCASSQGNSLKLSLDKAPDSQL*	TRBV4-3*01	TRBJ1-1*01	TRBD1*01
31	GAAGCTGGAGTTGCCCAGTCTCCCAGATATAAGATTATAGAGAAAAGGCAGAGTGTGGCTTTTTGGTGCAATCCTATATCTGGCCATGCTACCCTTTACTGGTACCAGCAGATCCTGGGACAGGGCCCAAAGCTTCTGATTCAGTTTCAGAATAACGGTGTAGTGGATGATTCACAGTTGCCTAAGGATCGATTTTCTGCAGAGAGGCTCAAAGGAGTAGACTCCACTCTCAAGATCCAGCCTGCAAAGCTTGAGGACTCGGCCGTGTATCTCTGTGCCAGCAGATCAGGGGGAGGGCTTTGGGGAACACTGAAGCTTTCTTTGGACAAGGCACCAGACTCACAGTTGTAG	EAGVAQSPRYKIIEKRQSVAFWCNPISGHATLYWYQQILGQGPKLLIQFQNNGVVDDSQLPKDRFSAERLKGVDSTLKIQPAKLEDSAVYLCASRSGGGLWGTLKLSLDKAPDSQL*	TRBV11-2*01	TRBJ1-1*01	TRBD1*01
32	GACACTGAAGTTACCCAGACACCAAAACACCTGGTCATGGGAATGACAAATAAGAAGTCTTTGAAATGTGAACAACATATGGGGCACAGGGCTATGTATTGGTACAAGCAGAAAGCTAAGAAGCCACCGGAGCTCATGTTTGTCTACAGCTATGAGAAACTCTCTATAAATGAAAGTGTGCCAAGTCGCTTCTCACCTGAATGCCCCAACAGCTCTCTCTTAAACCTTCACCTACACGCCCTGCAGCCAGAAGACTCAGCCCTGTATCTCTGCGCCAGCAGCAAGCGGGGGGGACTGACAATGAGCAGTTCTTCGGGCCAGGGACACGGCTCACCGTGCTAG	DTEVTQTPKHLVMGMTNKKSLKCEQHMGHRAMYWYKQKAKKPPELMFVYSYEKLSINESVPSRFSPECPNSSLLNLHLHALQPEDSALYLCASSKRGGLTMSSSSGQGHGSPC*	TRBV4-1*01	TRBJ2-1*01	TRBD2*01
33	GACACCAAGGTCACCCAGAGACCTAGACTTCTGGTCAAAGCAAGTGAACAGAAAGCAAAGATGGATTGTGTTCCTATAAAAGCACATAGTTATGTTTACTGGTATCGTAAGAAGCTGGAAGAAGAGCTCAAGTTTTTGGTTTACTTTCAGAATGAAGAACTTATTCAGAAAGCAGAAATAATCAATGAGCGATTTTTAGCCCAATGCTCCAAAAACTCATCCTGTACCTTGGAGATCCAGTCCACGGAGTCAGGGGACACAGCACTGTATTTCTGTGCCAGCAGCAAAGCGGTAAGGGGGGCGGGGGTTATTAGCAATCAGCCCCAGCATTTTGGTGATGGGACTCGACTCTCCATCCTAG	DTKVTQRPRLLVKASEQKAKMDCVPIKAHSYVYWYRKKLEEELKFLVYFQNEELIQKAEIINERFLAQCSKNSSCTLEIQSTESGDTALYFCASSKAVRGAGVISNQPQHFGDGTRLSIL	TRBV21-1*01	TRBJ1-5*01	TRBD1*01
34	AATGCTGGTGTCACTCAGACCCCAAAATTCCAGGTCCTGAAGACAGGACAGAGCATGACACTGCAGTGTGCCCAGGATATGAACCATGAATACATGTCCTGGTATCGACAAGACCCAGGCATGGGGCTGAGGCTGATTCATTACTCAGTTGGTGCTGGTATCACTGACCAAGGAGAAGTCCCCAATGGCTACAATGTCTCCAGATCAACCACAGAGGATTTCCCGCTCAGGCTGCTGTCGGCTGCTCCCTCCCAGACATCTGTGTACTTCTGTGCCAGCAGAAGGCCCGGGACAATCAGCCCCAGCATTTTGGTGATGGGACTCGACTCTCCATCCTAG	NAGVTQTPKFQVLKTGQSMTLQCAQDMNHEYMSWYRQDPGMGLRLIHYSVGAGITDQGEVPNGYNVSRSTTEDFPLRLLSAAPSQTSVYFCASRRPGTISPSILVMGLDSPS*	TRBV6-5*01	TRBJ1-5*01	TRBD1*01
35	GATGGTGGAATCACTCAGTCCCCAAAGTACCTGTTCAGAAAGGAAGGACAGAATGTGACCCTGAGTTGTGAACAGAATTTGAACCACGATGCCATGTACTGGTACCGACAGGACCCAGGGCAAGGGCTGAGATTGATCTACTACTCACAGATAGTAAATGACTTTCAGAAAGGAGATATAGCTGAAGGGTACAGCGTCTCTCGGGAGAAGAAGGAATCCTTTCCTCTCACTGTGACATCGGCCCAAAAGAACCCGACAGCTTTCTATCTCTGTGCCAGTACAGGGGGATATGGCTACACCTTCGGTTCGGGGACCAGGTTAACCGTTGTAG	DGGITQSPKYLFRKEGQNVTLSCEQNLNHDAMYWYRQDPGQGLRLIYYSQIVNDFQKGDIAEGYSVSREKKESFPLTVTSAQKNPTAFYLCASTGGYGYTFGSGTRLTVV	TRBV19*01	TRBJ1-2*01	TRBD1*01
36	GACGCTGGAGTCACCCAAAGTCCCACACACCTGATCAAAACGAGAGGACAGCAAGTGACTCTGAGATGCTCTCCTAAGTCTGGGCATGACACTGTGTCCTGGTACCAACAGGCCCTGGGTCAGGGGCCCCAGTTTATCTTTCAGTATTATGAGGAGGAAGAGAGACAGAGAGGCAACTTCCCTGATCGATTCTCAGGTCACCAGTTCCCTAACTATAGCTCTGAGCTGAATGTGAACGCCTTGTTGCTGGGGGACTCGGCCCTCTATCTCTGTGCCAGCAGCTTGGGTAAAAAACTAGCGGGGTGGCTACACCTTCGGTTCGGGGACCAGGTTAACCGTTGTAG	DAGVTQSPTHLIKTRGQQVTLRCSPKSGHDTVSWYQQALGQGPQFIFQYYEEEERQRGNFPDRFSGHQFPNYSSELNVNALLLGDSALYLCASSLGKKLAGWLHLRFGDQVNRC	TRBV5-6*01	TRBJ1-2*01	TRBD2*01
37	AATGCTGGTGTCACTCAGACCCCAAAATTCCACATCCTGAAGACAGGACAGAGCATGACACTGCAGTGTGCCCAGGATATGAACCATGGATACATGTCCTGGTATCGACAAGACCCAGGCATGGGGCTGAGACTGATTTACTACTCAGCTGCTGCTGGTACTACTGACAAAGAAGTCCCCAATGGCTACAATGTCTCTAGATTAAACACAGAGGATTTCCCACTCAGGCTGGTGTCGGCTGCTCCCTCCCAGACATCTGTGTACTTGTGTGCCAGCAGACAGGTCAGAGACCCAGTACTTCGGGCCAGGCACGCGGCTCCTGGTGCTCG	NAGVTQTPKFHILKTGQSMTLQCAQDMNHGYMSWYRQDPGMGLRLIYYSAAAGTTDKEVPNGYNVSRLNTEDFPLRLVSAAPSQTSVYLCASRQVRDPVLRARHAAPGA	TRBV6-8*01	TRBJ2-5*01	TRBD1*01
38	GAAGCTGGAGTTACTCAGTTCCCCAGCCACAGCGTAATAGAGAAGGGCCAGACTGTGACTCTGAGATGTGACCCAATTTCTGGACATGATAATCTTTATTGGTATCGACGTGTTATGGGAAAAGAAATAAAATTTCTGTTACATTTTGTGAAAGAGTCTAAACAGGATGAGTCCGGTATGCCCAACAATCGATTCTTAGCTGAAAGGACTGGAGGGACGTATTCTACTCTGAAGGTGCAGCCTGCAGAACTGGAGGATTCTGGAGTTTATTTCTGTGCCAGCAGCCAATTGGGACGGATAACATTCAGTACTTCGGCGCCGGGACCCGGCTCTCAGTGCTGG	EAGVTQFPSHSVIEKGQTVTLRCDPISGHDNLYWYRRVMGKEIKFLLHFVKESKQDESGMPNNRFLAERTGGTYSTLKVQPAELEDSGVYFCASSQLGRITFSTSAPGPGSQCW	TRBV14*01	TRBJ2-4*01	TRBD2*02
39	GACACCAAGGTCACCCAGAGACCTAGACTTCTGGTCAAAGCAAGTGAACAGAAAGCAAAGATGGATTGTGTTCCTATAAAAGCACATAGTTATGTTTACTGGTATCGTAAGAAGCTGGAAGAAGAGCTCAAGTTTTTGGTTTACTTTCAGAATGAAGAACTTATTCAGAAAGCAGAAATAATCAATGAGCGATTTTTAGCCCAATGCTCCAAAAACTCATCCTGTACCTTGGAGATCCAGTCCACGGAGTCAGGGGACACAGCACTGTATTTCTGTGCCAGCAGCAAACCGGCCCTAATGGGGCCGAGGTACGAGCAGTACTTCGGGCCGGGCACCAGGCTCACGGTCACAG	DTKVTQRPRLLVKASEQKAKMDCVPIKAHSYVYWYRKKLEEELKFLVYFQNEELIQKAEIINERFLAQCSKNSSCTLEIQSTESGDTALYFCASSKPALMGPRYEQYFGPGTRLTVT	TRBV21-1*01	TRBJ2-7*01	TRBD1*01
40	GACACAGCTGTTTCCCAGACTCCAAAATACCTGGTCACACAGATGGGAAACGACAAGTCCATTAAATGTGAACAAAATCTGGGCCATGATACTATGTATTGGTATAAACAGGACTCTAAGAAATTTCTGAAGATAATGTTTAGCTACAATAATAAGGAGCTCATTATAAATGAAACAGTTCCAAATCGCTTCTCACCTAAATCTCCAGACAAAGCTCACTTAAATCTTCACATCAATTCCCTGGAGCTTGGTGACTCTGCTGTGTATTTCTGTGCCAGCAGCCAAGCCGAGGTTCTGAAAAACTGTTTTTTGGCAGTGGAACCCAGCTCTCTGTCTTGG	DTAVSQTPKYLVTQMGNDKSIKCEQNLGHDTMYWYKQDSKKFLKIMFSYNNKELIINETVPNRFSPKSPDKAHLNLHINSLELGDSAVYFCASSQAEVLKNCFLAVEPSSLSW	TRBV3-1*01	TRBJ1-4*01	TRBD1*01
41	GACACAGCTGTTTCCCAGACTCCAAAATACCTGGTCACACAGATGGGAAACGACAAGTCCATTAAATGTGAACAAAATCTGGGCCATGATACTATGTATTGGTATAAACAGGACTCTAAGAAATTTCTGAAGATAATGTTTAGCTACAATAATAAGGAGCTCATTATAAATGAAACAGTTCCAAATCGCTTCTCACCTAAATCTCCAGACAAAGCTCACTTAAATCTTCACATCAATTCCCTGGAGCTTGGTGACTCTGCTGTGTATTTCTGTGCCAGCAGCCGGTCTAGCGGGTTGGGTACCAAGAGACCCAGTACTTCGGGCCAGGCACGCGGCTCCTGGTGCTCG	DTAVSQTPKYLVTQMGNDKSIKCEQNLGHDTMYWYKQDSKKFLKIMFSYNNKELIINETVPNRFSPKSPDKAHLNLHINSLELGDSAVYFCASSRSSGLGTKRPSTSGQARGSWCS	TRBV3-1*01	TRBJ2-5*01	TRBD2*02
42	GATGGTGGAATCACTCAGTCCCCAAAGTACCTGTTCAGAAAGGAAGGACAGAATGTGACCCTGAGTTGTGAACAGAATTTGAACCACGATGCCATGTACTGGTACCGACAGGACCCAGGGCAAGGGCTGAGATTGATCTACTACTCACAGATAGTAAATGACTTTCAGAAAGGAGATATAGCTGAAGGGTACAGCGTCTCTCGGGAGAAGAAGGAATCCTTTCCTCTCACTGTGACATCGGCCCAAAAGAACCCGACAGCTTTCTATCTCTGTGCCAGTAGAATACCAGCCCCGGGACTAGGGAGACCGGGGAGCTGTTTTTTGGAGAAGGCTCTAGGCTGACCGTACTGG	DGGITQSPKYLFRKEGQNVTLSCEQNLNHDAMYWYRQDPGQGLRLIYYSQIVNDFQKGDIAEGYSVSREKKESFPLTVTSAQKNPTAFYLCASRIPAPGLGRPGSCFLEKALG*PYW	TRBV19*01	TRBJ2-2*01	TRBD2*02
43	CATGCCAAAGTCACACAGACTCCAGGACATTTGGTCAAAGGAAAAGGACAGAAAACAAAGATGGATTGTACCCCCGAAAAAGGACATACTTTTGTTTATTGGTATCAACAGAATCAGAATAAAGAGTTTATGCTTTTGATTTCCTTTCAGAATGAACAAGTTCTTCAAGAAACGGAGATGCACAAGAAGCGATTCTCATCTCAATGCCCCAAGAACGCACCCTGCAGCCTGGCAATCCTGTCCTCAGAACCGGGAGACACGGCACTGTATCTCTGCGCCAGCAGTCTGTGACAGGGGCCCGTACCGAGCCCCAGCATTTTGGTGATGGGACTCGACTCTCCATCCTAG	HAKVTQTPGHLVKGKGQKTKMDCTPEKGHTFVYWYQQNQNKEFMLLISFQNEQVLQETEMHKKRFSSQCPKNAPCSLAILSSEPGDTALYLCASSL*QGPVPSPSILVMGLDSPS*	TRBV23-1*01	TRBJ1-5*01	TRBD1*01
44	GAAGCTGGAGTTACTCAGTTCCCCAGCCACAGCGTAATAGAGAAGGGCCAGACTGTGACTCTGAGATGTGACCCAATTTCTGGACATGATAATCTTTATTGGTATCGACGTGTTATGGGAAAAGAAATAAAATTTCTGTTACATTTTGTGAAAGAGTCTAAACAGGATGAGTCCGGTATGCCCAACAATCGATTCTTAGCTGAAAGGACTGGAGGGACGTATTCTACTCTGAAGGTGCAGCCTGCAGAACTGGAGGATTCTGGAGTTTATTTCTGTGCCAGCAGCCAAGTGCTCTAGACTAGGGTAATCCCAATGAGCAGTTCTTCGGGCCAGGGACACGGCTCACCGTGCTAG	EAGVTQFPSHSVIEKGQTVTLRCDPISGHDNLYWYRRVMGKEIKFLLHFVKESKQDESGMPNNRFLAERTGGTYSTLKVQPAELEDSGVYFCASSQVL*TRVIPMSSSSGQGHGSPC*	TRBV14*01	TRBJ2-1*01	TRBD2*01
45	CATGCCAAAGTCACACAGACTCCAGGACATTTGGTCAAAGGAAAAGGACAGAAAACAAAGATGGATTGTACCCCCGAAAAAGGACATACTTTTGTTTATTGGTATCAACAGAATCAGAATAAAGAGTTTATGCTTTTGATTTCCTTTCAGAATGAACAAGTTCTTCAAGAAACGGAGATGCACAAGAAGCGATTCTCATCTCAATGCCCCAAGAACGCACCCTGCAGCCTGGCAATCCTGTCCTCAGAACCGGGAGACACGGCACTGTATCTCTGCGCCAGCAGTCAACCTACGAGCAGTACTTCGGGCCGGGCACCAGGCTCACGGTCACAG	HAKVTQTPGHLVKGKGQKTKMDCTPEKGHTFVYWYQQNQNKEFMLLISFQNEQVLQETEMHKKRFSSQCPKNAPCSLAILSSEPGDTALYLCASSQPTSSTSGRAPGSRSQ	TRBV23-1*01	TRBJ2-7*01	TRBD1*01
46	TCTCAGACTATTCATCAATGGCCAGCGACCCTGGTGCAGCCTGTGGGCAGCCCGCTCTCTCTGGAGTGCACTGTGGAGGGAACATCAAACCCCAACCTATACTGGTACCGACAGGCTGCAGGCAGGGGCCTCCAGCTGCTCTTCTACTCCGTTGGTATTGGCCAGATCAGCTCTGAGGTGCCCCAGAATCTCTCAGCCTCCAGACCCCAGGACCGGCAGTTCATCCTGAGTTCTAAGAAGCTCCTTCTCAGTGACTCTGGCTTCTATCTCTGTGCCTGAGGACAGGTCTTACAATGAGCAGTTCTTCGGGCCAGGGACACGGCTCACCGTGCTAG	SQTIHQWPATLVQPVGSPLSLECTVEGTSNPNLYWYRQAAGRGLQLLFYSVGIGQISSEVPQNLSASRPQDRQFILSSKKLLLSDSGFYLCA*GQVLQ*AVLRARDTAHRA	TRBV30*01	TRBJ2-1*01	TRBD1*01
47	GATGCTGGCATTATCCAGTCACCCAAGCATGAGGTGACAGAAATGGGACAAACAGTGACTCTGAGATGTGAGCCAATTTTTGGCCACAATTTCCTTTTCTGGTACAGAGATACCTTCGTGCAGGGACTGGAATTGCTGAGTTACTTCCGGAGCTGATCTATTATAGATAATGCAGGTATGCCCACAGAGCGATTCTCAGCTGAGAGGCCTGATGGATCATTCTCTACTCTGAAGATCCAGCCTGCAGAGCAGGGGGACTCGGCCGTGTATGTCTGTGCAAGTCGCCCAAAGGTAGGCCCGCTAGCGGGGGAAGACTGGCTGGGATGAGCAGTTCTTCGGGCCAGGGACACGGCTCACCGTGCTAG	DAGIIQSPKHEVTEMGQTVTLRCEPIFGHNFLFWYRDTFVQGLELLSYFRS*SIIDNAGMPTERFSAERPDGSFSTLKIQPAEQGDSAVYVCASRPKVGPLAGEDWLG*AVLRARDTAHRA	TRBV12-2*01	TRBJ2-1*01	TRBD2*01
48	ATTGCTGGGATCACCCAGGCACCAACATCTCAGATCCTGGCAGCAGGACGGCGCATGACACTGAGATGTACCCAGGATATGAGACATAATGCCATGTACTGGTATAGACAAGATCTAGGACTGGGGCTAAGGCTCATCCATTATTCAAATACTGCAGGTACCACTGGCAAAGGAGAAGTCCCTGATGGTTATAGTGTCTCCAGAGCAAACACAGATGATTTCCCCCTCACGTTGGCGTCTGCTGTACCCTCTCAGACATCTGTGTACTTCTGTGCCAGCGCCTCCTCCAGGTGGGAGACCCAGTACTTCGGGCCAGGCACGCGGCTCCTGGTGCTCG	IAGITQAPTSQILAAGRRMTLRCTQDMRHNAMYWYRQDLGLGLRLIHYSNTAGTTGKGEVPDGYSVSRANTDDFPLTLASAVPSQTSVYFCASASSRWETQYFGPGTRLLVL	TRBV6-4*01	TRBJ2-5*01	TRBD2*02
49	GATACTGGAGTCTCCCAGAACCCCAGACACAAGATCACAAAGAGGGGACAGAATGTAACTTTCAGGTGTGATCCAATTTCTGAACACAACCGCCTTTATTGGTACCGACAGACCCTGGGGCAGGGCCCAGAGTTTCTGACTTACTTCCAGAATGAAGCTCAACTAGAAAAATCAAGGCTGCTCAGTGATCGGTTCTCTGCAGAGAGGCCTAAGGGATCTTTCTCCACCTTGGAGATCCAGCGCACAGAGCAGGGGGACTCGGCCATGTATCTCTGTGCCAGCAGCCTCGGGCCCCAGACTAATGAAAAACTGTTTTTTGGCAGTGGAACCCAGCTCTCTGTCTTGG	DTGVSQNPRHKITKRGQNVTFRCDPISEHNRLYWYRQTLGQGPEFLTYFQNEAQLEKSRLLSDRFSAERPKGSFSTLEIQRTEQGDSAMYLCASSLGPQTNEKLFFGSGTQLSVL	TRBV7-9*01	TRBJ1-4*01	TRBD2*01
50	GACACCAAGGTCACCCAGAGACCTAGACTTCTGGTCAAAGCAAGTGAACAGAAAGCAAAGATGGATTGTGTTCCTATAAAAGCACATAGTTATGTTTACTGGTATCGTAAGAAGCTGGAAGAAGAGCTCAAGTTTTTGGTTTACTTTCAGAATGAAGAACTTATTCAGAAAGCAGAAATAATCAATGAGCGATTTTTAGCCCAATGCTCCAAAAACTCATCCTGTACCTTGGAGATCCAGTCCACGGAGTCAGGGGACACAGCACTGTATTTCTGTGCCAGCAGCAAGCAGAGCGGGAGTTCTCCTACAATGAGCAGTTCTTCGGGCCAGGGACACGGCTCACCGTGCTAG	DTKVTQRPRLLVKASEQKAKMDCVPIKAHSYVYWYRKKLEEELKFLVYFQNEELIQKAEIINERFLAQCSKNSSCTLEIQSTESGDTALYFCASSKQSGSSPTMSSSSGQGHGSPC*	TRBV21-1*01	TRBJ2-1*01	TRBD1*01
51	GATGCTGATGTTACCCAGACCCCAAGGAATAGGATCACAAAGACAGGAAAGAGGATTATGCTGGAATGTTCTCAGACTAAGGGTCATGATAGAATGTACTGGTATCGACAAGACCCAGGACTGGGCCTACGGTTGATCTATTACTCCTTTGATGTCAAAGATATAAACAAAGGAGAGATCTCTGATGGATACAGTGTCTCTCGACAGGCACAGGCTAAATTCTCCCTGTCCCTAGAGTCTGCCATCCCCAACCAGACAGCTCTTTACTTCTGTGCCACCCCCGGGGAGTCTTTCGAGCCCTACAATGAGCAGTTCTTCGGGCCAGGGACACGGCTCACCGTGCTAG	DADVTQTPRNRITKTGKRIMLECSQTKGHDRMYWYRQDPGLGLRLIYYSFDVKDINKGEISDGYSVSRQAQAKFSLSLESAIPNQTALYFCATPGESFEPYNEQFFGPGTRLTVL	TRBV24-1*01	TRBJ2-1*01	TRBD2*02
52	GACACTGAAGTTACCCAGACACCAAAACACCTGGTCATGGGAATGACAAATAAGAAGTCTTTGAAATGTGAACAACATATGGGGCACAGGGCTATGTATTGGTACAAGCAGAAAGCTAAGAAGCCACCGGAGCTCATGTTTGTCTACAGCTATGAGAAACTCTCTATAAATGAAAGTGTGCCAAGTCGCTTCTCACCTGAATGCCCCAACAGCTCTCTCTTAAACCTTCACCTACACGCCCTGCAGCCAGAAGACTCAGCCCTGTATCTCTGCGCCAGCAGCCAAGATGACGAGGACAGGGTGAATTTTTTGGTTTCACTGAAGCTTTCTTTGGACAAGGCACCAGACTCACAGTTGTAG	DTEVTQTPKHLVMGMTNKKSLKCEQHMGHRAMYWYKQKAKKPPELMFVYSYEKLSINESVPSRFSPECPNSSLLNLHLHALQPEDSALYLCASSQDDEDRVNFLVSLKLSLDKAPDSQL*	TRBV4-1*01	TRBJ1-1*01	TRBD1*01
53	AAGGCTGGAGTCACTCAAACTCCAAGATATCTGATCAAAACGAGAGGACAGCAAGTGACACTGAGCTGCTCCCCTATCTCTGGGCATAGGAGTGTATCCTGGTACCAACAGACCCCAGGACAGGGCCTTCAGTTCCTCTTTGAATACTTCAGTGAGACACAGAGAAACAAAGGAAACTTCCCTGGTCGATTCTCAGGGCGCCAGTTCTCTAACTCTCGCTCTGAGATGAATGTGAGCACCTTGGAGCTGGGGGACTCGGCCCTTTATCTTTGCGCCAGCAGCTCAGAAATAATGAAAAACTGTTTTTTGGCAGTGGAACCCAGCTCTCTGTCTTGG	KAGVTQTPRYLIKTRGQQVTLSCSPISGHRSVSWYQQTPGQGLQFLFEYFSETQRNKGNFPGRFSGRQFSNSRSEMNVSTLELGDSALYLCASSSEIMKNCFLAVEPSSLSW	TRBV5-1*01	TRBJ1-4*01	TRBD1*01
54	GATGCTGGAATCACCCAGAGCCCAAGACACAAGGTCACAGAGACAGGAACACCAGTGACTCTGAGATGTCACCAGACTGAGAACCACCGCTATATGTACTGGTATCGACAAGACCCGGGGCATGGGCTGAGGCTGATCCATTACTCATATGGTGTTAAAGATACTGACAAAGGAGAAGTCTCAGATGGCTATAGTGTCTCTAGATCAAAGACAGAGGATTTCCTCCTCACTCTGGAGTCCGCTACCAGCTCCCAGACATCTGTGTACTTCTGTGCCATCAGTGAGGGCAATGAGCAGTTCTTCGGGCCAGGGACACGGCTCACCGTGCTAG	DAGITQSPRHKVTETGTPVTLRCHQTENHRYMYWYRQDPGHGLRLIHYSYGVKDTDKGEVSDGYSVSRSKTEDFLLTLESATSSQTSVYFCAISEGNEQFFGPGTRLTVL	TRBV10-3*01	TRBJ2-1*01	TRBD2*02
55	GGTGCTGGAGTCTCCCAGTCTCCCAGGTACAAAGTCACAAAGAGGGGACAGGATGTAGCTCTCAGGTGTGATCCAATTTCGGGTCATGTATCCCTTTATTGGTACCGACAGGCCCTGGGGCAGGGCCCAGAGTTTCTGACTTACTTCAATTATGAAGCCCAACAAGACAAATCAGGGCTGCCCAATGATCGGTTCTCTGCAGAGAGGCCTGAGGGATCCATCTCCACTCTGACGATCCAGCGCACAGAGCAGCGGGACTCGGCCATGTATCGCTGTGCCAGCAGCTTGGACAGGGCTGCTCGCTGAAGCTTTCTTTGGACAAGGCACCAGACTCACAGTTGTAG	GAGVSQSPRYKVTKRGQDVALRCDPISGHVSLYWYRQALGQGPEFLTYFNYEAQQDKSGLPNDRFSAERPEGSISTLTIQRTEQRDSAMYRCASSLDRAAR*SFLWTRHQTHSC	TRBV7-6*01	TRBJ1-1*01	TRBD1*01
56	AATGCTGGTGTCACTCAGACCCCAAAATTCCAGGTCCTGAAGACAGGACAGAGCATGACACTGCAGTGTGCCCAGGATATGAACCATGAATACATGTCCTGGTATCGACAAGACCCAGGCATGGGGCTGAGGCTGATTCATTACTCAGTTGGTGCTGGTATCACTGACCAAGGAGAAGTCCCCAATGGCTACAATGTCTCCAGATCAACCACAGAGGATTTCCCGCTCAGGCTGCTGTCGGCTGCTCCCTCCCAGACATCTGTGTACTTCTGTGCCAGCAGTTAACCGGGACCAGATACGCAGTATTTTGGCCCAGGCACCCGGCTGACAGTGCTCG	NAGVTQTPKFQVLKTGQSMTLQCAQDMNHEYMSWYRQDPGMGLRLIHYSVGAGITDQGEVPNGYNVSRSTTEDFPLRLLSAAPSQTSVYFCASS*PGPDTQYFGPGTRLTVL	TRBV6-5*01	TRBJ2-3*01	TRBD2*01
57	GAGGCTGGAGTCACCCAAAGTCCCACACACCTGATCAAAACGAGAGGACAGCAAGTGACTCTGAGATGCTCTCCTATCTCTGGGCACAGCAGTGTGTCCTGGTACCAACAGGCCCCGGGTCAGGGGCCCCAGTTTATCTTTGAATATGCTAATGAGTTAAGGAGATCAGAAGGAAACTTCCCTAATCGATTCTCAGGGCGCCAGTTCCATGACTGTTGCTCTGAGATGAATGTGAGTGCCTTGGAGCTGGGGGACTCGGCCCTGTATCTCTGTGCCAGAAGCCCAGGCGGGACCTACGAGCAGTACTTCGGGCCGGGCACCAGGCTCACGGTCACAG	EAGVTQSPTHLIKTRGQQVTLRCSPISGHSSVSWYQQAPGQGPQFIFEYANELRRSEGNFPNRFSGRQFHDCCSEMNVSALELGDSALYLCARSPGGTYEQYFGPGTRLTVT	TRBV5-3*01	TRBJ2-7*01	TRBD1*01
58	ATTGCTGGGATCACCCAGGCACCAACATCTCAGATCCTGGCAGCAGGACGGCGCATGACACTGAGATGTACCCAGGATATGAGACATAATGCCATGTACTGGTATAGACAAGATCTAGGACTGGGGCTAAGGCTCATCCATTATTCAAATACTGCAGGTACCACTGGCAAAGGAGAAGTCCCTGATGGTTATAGTGTCTCCAGAGCAAACACAGATGATTTCCCCCTCACGTTGGCGTCTGCTGTACCCTCTCAGACATCTGTGTACTTCTGTGCCAGCCGGTTGGCAGGGCCTCATCTGGCACAGATACGCAGTATTTTGGCCCAGGCACCCGGCTGACAGTGCTCG	IAGITQAPTSQILAAGRRMTLRCTQDMRHNAMYWYRQDLGLGLRLIHYSNTAGTTGKGEVPDGYSVSRANTDDFPLTLASAVPSQTSVYFCASRLAGPHLAQIRSILAQAPG*QCS	TRBV6-4*01	TRBJ2-3*01	TRBD1*01
59	GATGGTGGAATCACTCAGTCCCCAAAGTACCTGTTCAGAAAGGAAGGACAGAATGTGACCCTGAGTTGTGAACAGAATTTGAACCACGATGCCATGTACTGGTACCGACAGGACCCAGGGCAAGGGCTGAGATTGATCTACTACTCACAGATAGTAAATGACTTTCAGAAAGGAGATATAGCTGAAGGGTACAGCGTCTCTCGGGAGAAGAAGGAATCCTTTCCTCTCACTGTGACATCGGCCCAAAAGAACCCGACAGCTTTCTATCTCTGTGCCAGTAGCCATCTGGACAGGGGAATACGCAGTATTTTGGCCCAGGCACCCGGCTGACAGTGCTCG	DGGITQSPKYLFRKEGQNVTLSCEQNLNHDAMYWYRQDPGQGLRLIYYSQIVNDFQKGDIAEGYSVSREKKESFPLTVTSAQKNPTAFYLCASSHLDRGIRSILAQAPG*QCS	TRBV19*01	TRBJ2-3*01	TRBD1*01
60	AGTGCTGTCATCTCTCAAAAGCCAAGCAGGGATATCTGTCAACGTGGAACCTCCCTGACGATCCAGTGTCAAGTCGATAGCCAAGTCACCATGATGTTCTGGTACCGTCAGCAACCTGGACAGAGCCTGACACTGATCGCAACTGCAAATCAGGGCTCTGAGGCCACATATGAGAGTGGATTTGTCATTGACAAGTTTCCCATCAGCCGCCCAAACCTAACATTCTCAACTCTGACTGTGAGCAACATGAGCCCTGAAGACAGCAGCATATATCTCTGCAGCGTTGTACCGGTTGACAGGAGTCAGCTCCTACGAGCAGTACTTCGGGCCGGGCACCAGGCTCACGGTCACAG	SAVISQKPSRDICQRGTSLTIQCQVDSQVTMMFWYRQQPGQSLTLIATANQGSEATYESGFVIDKFPISRPNLTFSTLTVSNMSPEDSSIYLCSVVPVDRSQLLRAVLRAGHQAHGH	TRBV29-1*01	TRBJ2-7*01	TRBD1*01
61	AATGCCGGCGTCATGCAGAACCCAAGACACCTGGTCAGGAGGAGGGGACAGGAGGCAAGACTGAGATGCAGCCCAATGAAAGGACACAGTCATGTTTACTGGTATCGGCAGCTCCCAGAGGAAGGTCTGAAATTCATGGTTTATCTCCAGAAAGAAAATATCATAGATGAGTCAGGAATGCCAAAGGAACGATTTTCTGCTGAATTTCCCAAAGAGGGCCCCAGCATCCTGAGGATCCAGCAGGTAGTGCGAGGAGATTCGGCAGCTTATTTCTGTGCCAGCCTACCGACAGGGCTGAAAAACTGTTTTTTGGCAGTGGAACCCAGCTCTCTGTCTTGG	NAGVMQNPRHLVRRRGQEARLRCSPMKGHSHVYWYRQLPEEGLKFMVYLQKENIIDESGMPKERFSAEFPKEGPSILRIQQVVRGDSAAYFCASLPTGLKNCFLAVEPSSLSW	TRBV18*01	TRBJ1-4*01	TRBD1*01
62	GATGCCATGGTCATCCAGAACCCAAGATACCAGGTTACCCAGTTTGGAAAGCCAGTGACCCTGAGTTGTTCTCAGACTTTGAACCATAACGTCATGTACTGGTACCAGCAGAAGTCAAGTCAGGCCCCAAAGCTGCTGTTCCACTACTATGACAAAGATTTTAACAATGAAGCAGACACCCCTGATAACTTCCAATCCAGGAGGCCGAACACTTCTTTCTGCTTTCTTGACATCCGCTCACCAGGCCTGGGGGACACAGCCATGTACCTGTGTGCCACCAGACCGGAAAGGAGCCCGGGGAGCTGTTTTTTGGAGAAGGCTCTAGGCTGACCGTACTGG	DAMVIQNPRYQVTQFGKPVTLSCSQTLNHNVMYWYQQKSSQAPKLLFHYYDKDFNNEADTPDNFQSRRPNTSFCFLDIRSPGLGDTAMYLCATRPERSPGSCFLEKALG*PYW	TRBV15*01	TRBJ2-2*01	TRBD2*02
63	CATGCCAAAGTCACACAGACTCCAGGACATTTGGTCAAAGGAAAAGGACAGAAAACAAAGATGGATTGTACCCCCGAAAAAGGACATACTTTTGTTTATTGGTATCAACAGAATCAGAATAAAGAGTTTATGCTTTTGATTTCCTTTCAGAATGAACAAGTTCTTCAAGAAACGGAGATGCACAAGAAGCGATTCTCATCTCAATGCCCCAAGAACGCACCCTGCAGCCTGGCAATCCTGTCCTCAGAACCGGGAGACACGGCACTGTATCTCTGCGCCAGCTGAAGGGGTCCCAGACTGAAGCTTTCTTTGGACAAGGCACCAGACTCACAGTTGTAG	HAKVTQTPGHLVKGKGQKTKMDCTPEKGHTFVYWYQQNQNKEFMLLISFQNEQVLQETEMHKKRFSSQCPKNAPCSLAILSSEPGDTALYLCAS*RGPRLKLSLDKAPDSQL*	TRBV23-1*01	TRBJ1-1*01	TRBD1*01
64	GAAACGGGAGTTACGCAGACACCAAGACACCTGGTCATGGGAATGACAAATAAGAAGTCTTTGAAATGTGAACAACATCTGGGTCATAACGCTATGTATTGGTACAAGCAAAGTGCTAAGAAGCCACTGGAGCTCATGTTTGTCTACAGTCTTGAAGAACGGGTTGAAAACAACAGTGTGCCAAGTCGCTTCTCACCTGAATGCCCCAACAGCTCTCACTTATTCCTTCACCTACACACCCTGCAGCCAGAAGACTCGGCCCTGTATCTCTGCGCCAGCAGCCTGCTAAGCGGGGGGGGACGCAGTATTTTGGCCCAGGCACCCGGCTGACAGTGCTCG	ETGVTQTPRHLVMGMTNKKSLKCEQHLGHNAMYWYKQSAKKPLELMFVYSLEERVENNSVPSRFSPECPNSSHLFLHLHTLQPEDSALYLCASSLLSGGGRSILAQAPG*QCS	TRBV4-3*01	TRBJ2-3*01	TRBD2*01
65	TCTCAGACTATTCATCAATGGCCAGCGACCCTGGTGCAGCCTGTGGGCAGCCCGCTCTCTCTGGAGTGCACTGTGGAGGGAACATCAAACCCCAACCTATACTGGTACCGACAGGCTGCAGGCAGGGGCCTCCAGCTGCTCTTCTACTCCGTTGGTATTGGCCAGATCAGCTCTGAGGTGCCCCAGAATCTCTCAGCCTCCAGACCCCAGGACCGGCAGTTCATCCTGAGTTCTAAGAAGCTCCTTCTCAGTGACTCTGGCTTCTATCTCTGTGCCTGGAGTAGATCTCCCTTTGGAGTCGCCTCCTACAATGAGCAGTTCTTCGGGCCAGGGACACGGCTCACCGTGCTAG	SQTIHQWPATLVQPVGSPLSLECTVEGTSNPNLYWYRQAAGRGLQLLFYSVGIGQISSEVPQNLSASRPQDRQFILSSKKLLLSDSGFYLCAWSRSPFGVASYNEQFFGPGTRLTVL	TRBV30*01	TRBJ2-1*01	TRBD2*02
66	GATGGTGGAATCACTCAGTCCCCAAAGTACCTGTTCAGAAAGGAAGGACAGAATGTGACCCTGAGTTGTGAACAGAATTTGAACCACGATGCCATGTACTGGTACCGACAGGACCCAGGGCAAGGGCTGAGATTGATCTACTACTCACAGATAGTAAATGACTTTCAGAAAGGAGATATAGCTGAAGGGTACAGCGTCTCTCGGGAGAAGAAGGAATCCTTTCCTCTCACTGTGACATCGGCCCAAAAGAACCCGACAGCTTTCTATCTCTGTGCCAGTAGTATAGACCTACTAGCGGGAGGGCACCGAACTATGGCTACACCTTCGGTTCGGGGACCAGGTTAACCGTTGTAG	DGGITQSPKYLFRKEGQNVTLSCEQNLNHDAMYWYRQDPGQGLRLIYYSQIVNDFQKGDIAEGYSVSREKKESFPLTVTSAQKNPTAFYLCASSIDLLAGGHRTMATPSVRGPG*PL*	TRBV19*01	TRBJ1-2*01	TRBD2*02
67	GATGCTGATGTTACCCAGACCCCAAGGAATAGGATCACAAAGACAGGAAAGAGGATTATGCTGGAATGTTCTCAGACTAAGGGTCATGATAGAATGTACTGGTATCGACAAGACCCAGGACTGGGCCTACGGTTGATCTATTACTCCTTTGATGTCAAAGATATAAACAAAGGAGAGATCTCTGATGGATACAGTGTCTCTCGACAGGCACAGGCTAAATTCTCCCTGTCCCTAGAGTCTGCCATCCCCAACCAGACAGCTCTTTACTTCTGTGCCACCAGCGGGAGCCCACAGATACGCAGTATTTTGGCCCAGGCACCCGGCTGACAGTGCTCG	DADVTQTPRNRITKTGKRIMLECSQTKGHDRMYWYRQDPGLGLRLIYYSFDVKDINKGEISDGYSVSRQAQAKFSLSLESAIPNQTALYFCATSGSPQIRSILAQAPG*QCS	TRBV24-1*01	TRBJ2-3*01	TRBD2*02
68	GATGCTGATGTTACCCAGACCCCAAGGAATAGGATCACAAAGACAGGAAAGAGGATTATGCTGGAATGTTCTCAGACTAAGGGTCATGATAGAATGTACTGGTATCGACAAGACCCAGGACTGGGCCTACGGTTGATCTATTACTCCTTTGATGTCAAAGATATAAACAAAGGAGAGATCTCTGATGGATACAGTGTCTCTCGACAGGCACAGGCTAAATTCTCCCTGTCCCTAGAGTCTGCCATCCCCAACCAGACAGCTCTTTACTTCTGTGCCACCCCCCCTGGGGCGGGAGGCCTACAATGAGCAGTTCTTCGGGCCAGGGACACGGCTCACCGTGCTAG	DADVTQTPRNRITKTGKRIMLECSQTKGHDRMYWYRQDPGLGLRLIYYSFDVKDINKGEISDGYSVSRQAQAKFSLSLESAIPNQTALYFCATPPGAGGLQ*AVLRARDTAHRA	TRBV24-1*01	TRBJ2-1*01	TRBD2*02
69	GACACAGCTGTTTCCCAGACTCCAAAATACCTGGTCACACAGATGGGAAACGACAAGTCCATTAAATGTGAACAAAATCTGGGCCATGATACTATGTATTGGTATAAACAGGACTCTAAGAAATTTCTGAAGATAATGTTTAGCTACAATAATAAGGAGCTCATTATAAATGAAACAGTTCCAAATCGCTTCTCACCTAAATCTCCAGACAAAGCTCACTTAAATCTTCACATCAATTCCCTGGAGCTTGGTGACTCTGCTGTGTATTTCTGTGCCAGCAGCCAAGAGGGGACTGCAGCAATCAGCCCCAGCATTTTGGTGATGGGACTCGACTCTCCATCCTAG	DTAVSQTPKYLVTQMGNDKSIKCEQNLGHDTMYWYKQDSKKFLKIMFSYNNKELIINETVPNRFSPKSPDKAHLNLHINSLELGDSAVYFCASSQEGTAAISPSILVMGLDSPS*	TRBV3-1*01	TRBJ1-5*01	TRBD1*01
70	GATGGTGGAATCACTCAGTCCCCAAAGTACCTGTTCAGAAAGGAAGGACAGAATGTGACCCTGAGTTGTGAACAGAATTTGAACCACGATGCCATGTACTGGTACCGACAGGACCCAGGGCAAGGGCTGAGATTGATCTACTACTCACAGATAGTAAATGACTTTCAGAAAGGAGATATAGCTGAAGGGTACAGCGTCTCTCGGGAGAAGAAGGAATCCTTTCCTCTCACTGTGACATCGGCCCAAAAGAACCCGACAGCTTTCTATCTCTGTGCCAGTAGTCTTTAGGGGGTTCCCGGGACCAGGATTGGTGGCTACACCTTCGGTTCGGGGACCAGGTTAACCGTTGTAG	DGGITQSPKYLFRKEGQNVTLSCEQNLNHDAMYWYRQDPGQGLRLIYYSQIVNDFQKGDIAEGYSVSREKKESFPLTVTSAQKNPTAFYLCASSL*GVPGTRIGGYTFGSGTRLTVV	TRBV19*01	TRBJ1-2*01	TRBD1*01
71	GACACAGCTGTTTCCCAGACTCCAAAATACCTGGTCACACAGATGGGAAACGACAAGTCCATTAAATGTGAACAAAATCTGGGCCATGATACTATGTATTGGTATAAACAGGACTCTAAGAAATTTCTGAAGATAATGTTTAGCTACAATAATAAGGAGCTCATTATAAATGAAACAGTTCCAAATCGCTTCTCACCTAAATCTCCAGACAAAGCTCACTTAAATCTTCACATCAATTCCCTGGAGCTTGGTGACTCTGCTGTGTATTTCTGTGCCAGCAGGGTCTAGCGTCCGAGCAGTACTTCGGGCCGGGCACCAGGCTCACGGTCACAG	DTAVSQTPKYLVTQMGNDKSIKCEQNLGHDTMYWYKQDSKKFLKIMFSYNNKELIINETVPNRFSPKSPDKAHLNLHINSLELGDSAVYFCASRV*RPSSTSGRAPGSRSQ	TRBV3-1*01	TRBJ2-7*01	TRBD2*01
72	GATGCTGAAATCACCCAGAGCCCAAGACACAAGATCACAGAGACAGGAAGGCAGGTGACCTTGGCGTGTCACCAGACTTGGAACCACAACAATATGTTCTGGTATCGACAAGACCTGGGACATGGGCTGAGGCTGATCCATTACTCATATGGTGTTCAAGACACTAACAAAGGAGAAGTCTCAGATGGCTACAGTGTCTCTAGATCAAACACAGAGGACCTCCCCCTCACTCTGGAGTCTGCTGCCTCCTCCCAGACATCTGTATATTTCTGCGCCAGGGGGTGAATTGGACTGGAAACACCATATATTTTGGAGAGGGAAGTTGGCTCACTGTTGTAG	DAEITQSPRHKITETGRQVTLACHQTWNHNNMFWYRQDLGHGLRLIHYSYGVQDTNKGEVSDGYSVSRSNTEDLPLTLESAASSQTSVYFCARG*IGLETPYILEREVGSLL*	TRBV10-1*01	TRBJ1-3*01	TRBD1*01
73	GACACCAAGGTCACCCAGAGACCTAGACTTCTGGTCAAAGCAAGTGAACAGAAAGCAAAGATGGATTGTGTTCCTATAAAAGCACATAGTTATGTTTACTGGTATCGTAAGAAGCTGGAAGAAGAGCTCAAGTTTTTGGTTTACTTTCAGAATGAAGAACTTATTCAGAAAGCAGAAATAATCAATGAGCGATTTTTAGCCCAATGCTCCAAAAACTCATCCTGTACCTTGGAGATCCAGTCCACGGAGTCAGGGGACACAGCACTGTATTTCTGTGCCAGCAGCCCAGGGGAGGGGCTAGGCTCTGGAAACACCATATATTTTGGAGAGGGAAGTTGGCTCACTGTTGTAG	DTKVTQRPRLLVKASEQKAKMDCVPIKAHSYVYWYRKKLEEELKFLVYFQNEELIQKAEIINERFLAQCSKNSSCTLEIQSTESGDTALYFCASSPGEGLGSGNTIYFGEGSWLTVV	TRBV21-1*01	TRBJ1-3*01	TRBD2*02
74	GATGCTGGAATCACCCAGAGCCCAAGACACAAGGTCACAGAGACAGGAACACCAGTGACTCTGAGATGTCACCAGACTGAGAACCACCGCTATATGTACTGGTATCGACAAGACCCGGGGCATGGGCTGAGGCTGATCCATTACTCATATGGTGTTAAAGATACTGACAAAGGAGAAGTCTCAGATGGCTATAGTGTCTCTAGATCAAAGACAGAGGATTTCCTCCTCACTCTGGAGTCCGCTACCAGCTCCCAGACATCTGTGTACTTCTGTGCCATCAGTTCCCAGCGGCCACGAGCAGTACTTCGGGCCGGGCACCAGGCTCACGGTCACAG	DAGITQSPRHKVTETGTPVTLRCHQTENHRYMYWYRQDPGHGLRLIHYSYGVKDTDKGEVSDGYSVSRSKTEDFLLTLESATSSQTSVYFCAISSQRPRAVLRAGHQAHGH	TRBV10-3*01	TRBJ2-7*01	TRBD2*01
75	ATTGCTGGGATCACCCAGGCACCAACATCTCAGATCCTGGCAGCAGGACGGCGCATGACACTGAGATGTACCCAGGATATGAGACATAATGCCATGTACTGGTATAGACAAGATCTAGGACTGGGGCTAAGGCTCATCCATTATTCAAATACTGCAGGTACCACTGGCAAAGGAGAAGTCCCTGATGGTTATAGTGTCTCCAGAGCAAACACAGATGATTTCCCCCTCACGTTGGCGTCTGCTGTACCCTCTCAGACATCTGTGTACTTCTCCAGACACGAGGTACAATGAGCAGTTCTTCGGGCCAGGGACACGGCTCACCGTGCTAG	IAGITQAPTSQILAAGRRMTLRCTQDMRHNAMYWYRQDLGLGLRLIHYSNTAGTTGKGEVPDGYSVSRANTDDFPLTLASAVPSQTSVYFSRHEVQ*AVLRARDTAHRA	TRBV6-4*01	TRBJ2-1*01	TRBD2*02
76	GAGGCTGGAGTCACCCAAAGTCCCACACACCTGATCAAAACGAGAGGACAGCAAGTGACTCTGAGATGCTCTCCTATCTCTGGGCACAGCAGTGTGTCCTGGTACCAACAGGCCCCGGGTCAGGGGCCCCAGTTTATCTTTGAATATGCTAATGAGTTAAGGAGATCAGAAGGAAACTTCCCTAATCGATTCTCAGGGCGCCAGTTCCATGACTGTTGCTCTGAGATGAATGTGAGTGCCTTGGAGCTGGGGGACTCGGCCCTGTATCTCTGTGCCAGATCGCGAGGACAGGGTCAGCCCCAGCATTTTGGTGATGGGACTCGACTCTCCATCCTAG	EAGVTQSPTHLIKTRGQQVTLRCSPISGHSSVSWYQQAPGQGPQFIFEYANELRRSEGNFPNRFSGRQFHDCCSEMNVSALELGDSALYLCARSRGQGQPQHFGDGTRLSIL	TRBV5-3*01	TRBJ1-5*01	TRBD1*01
77	GATACTGGAGTCTCCCAGAACCCCAGACACAAGATCACAAAGAGGGGACAGAATGTAACTTTCAGGTGTGATCCAATTTCTGAACACAACCGCCTTTATTGGTACCGACAGACCCTGGGGCAGGGCCCAGAGTTTCTGACTTACTTCCAGAATGAAGCTCAACTAGAAAAATCAAGGCTGCTCAGTGATCGGTTCTCTGCAGAGAGGCCTAAGGGATCTTTCTCCACCTTGGAGATCCAGCGCACAGAGCAGGGGGACTCGGCCATGTATCTCTGTGCCAGCAGCACCCTTAGGAATGGCTACACCTTCGGTTCGGGGACCAGGTTAACCGTTGTAG	DTGVSQNPRHKITKRGQNVTFRCDPISEHNRLYWYRQTLGQGPEFLTYFQNEAQLEKSRLLSDRFSAERPKGSFSTLEIQRTEQGDSAMYLCASSTLRNGYTFGSGTRLTVV	TRBV7-9*01	TRBJ1-2*01	TRBD1*01
78	GATTCTGGAGTCACACAAACCCCAAAGCACCTGATCACAGCAACTGGACAGCGAGTGACGCTGAGATGCTCCCCTAGGTCTGGAGACCTCTCTGTGTACTGGTACCAACAGAGCCTGGACCAGGGCCTCCAGTTCCTCATTCAGTATTATAATGGAGAAGAGAGAGCAAAAGGAAACATTCTTGAACGATTCTCCGCACAACAGTTCCCTGACTTGCACTCTGAACTAAACCTGAGCTCTCTGGAGCTGGGGGACTCAGCTTTGTATTTCTGTGCCAGCAGCGTAAGGACAGTACTTGAGCAGTTCTTCGGGCCAGGGACACGGCTCACCGTGCTAG	DSGVTQTPKHLITATGQRVTLRCSPRSGDLSVYWYQQSLDQGLQFLIQYYNGEERAKGNILERFSAQQFPDLHSELNLSSLELGDSALYFCASSVRTVLEQFFGPGTRLTVL	TRBV9*01	TRBJ2-1*01	TRBD2*02
79	GACACAGCTGTTTCCCAGACTCCAAAATACCTGGTCACACAGATGGGAAACGACAAGTCCATTAAATGTGAACAAAATCTGGGCCATGATACTATGTATTGGTATAAACAGGACTCTAAGAAATTTCTGAAGATAATGTTTAGCTACAATAATAAGGAGCTCATTATAAATGAAACAGTTCCAAATCGCTTCTCACCTAAATCTCCAGACAAAGCTCACTTAAATCTTCACATCAATTCCCTGGAGCTTGGTGACTCTGCTGTGTATTTCTGTGCCAGCAGCCTTTTTGAGCAGCTAGGTGGCTACACCTTCGGTTCGGGGACCAGGTTAACCGTTGTAG	DTAVSQTPKYLVTQMGNDKSIKCEQNLGHDTMYWYKQDSKKFLKIMFSYNNKELIINETVPNRFSPKSPDKAHLNLHINSLELGDSAVYFCASSLFEQLGGYTFGSGTRLTVV	TRBV3-1*01	TRBJ1-2*01	TRBD1*01
80	GACACTGAAGTTACCCAGACACCAAAACACCTGGTCATGGGAATGACAAATAAGAAGTCTTTGAAATGTGAACAACATATGGGGCACAGGGCTATGTATTGGTACAAGCAGAAAGCTAAGAAGCCACCGGAGCTCATGTTTGTCTACAGCTATGAGAAACTCTCTATAAATGAAAGTGTGCCAAGTCGCTTCTCACCTGAATGCCCCAACAGCTCTCTCTTAAACCTTCACCTACACGCCCTGCAGCCAGAAGACTCAGCCCTGTATCTCTGCGCCAGCAGCCTAGGACAGGAGATCAGCCCCAGCATTTTGGTGATGGGACTCGACTCTCCATCCTAG	DTEVTQTPKHLVMGMTNKKSLKCEQHMGHRAMYWYKQKAKKPPELMFVYSYEKLSINESVPSRFSPECPNSSLLNLHLHALQPEDSALYLCASSLGQEISPSILVMGLDSPS*	TRBV4-1*01	TRBJ1-5*01	TRBD1*01
81	GATTCTGGAGTCACACAAACCCCAAAGCACCTGATCACAGCAACTGGACAGCGAGTGACGCTGAGATGCTCCCCTAGGTCTGGAGACCTCTCTGTGTACTGGTACCAACAGAGCCTGGACCAGGGCCTCCAGTTCCTCATTCAGTATTATAATGGAGAAGAGAGAGCAAAAGGAAACATTCTTGAACGATTCTCCGCACAACAGTTCCCTGACTTGCACTCTGAACTAAACCTGAGCTCTCTGGAGCTGGGGGACTCAGCTTTGTATTTCTGTGCCAGCAGCGACCGGGACATCCTGGGGCTGAAAAACTGTTTTTTGGCAGTGGAACCCAGCTCTCTGTCTTGG	DSGVTQTPKHLITATGQRVTLRCSPRSGDLSVYWYQQSLDQGLQFLIQYYNGEERAKGNILERFSAQQFPDLHSELNLSSLELGDSALYFCASSDRDILGLKNCFLAVEPSSLSW	TRBV9*01	TRBJ1-4*01	TRBD1*01
82	GATGTGAAAGTAACCCAGAGCTCGAGATATCTAGTCAAAAGGACGGGAGAGAAAGTTTTTCTGGAATGTGTCCAGGATATGGACCATGAAAATATGTTCTGGTATCGACAAGACCCAGGTCTGGGGCTACGGCTGATCTATTTCTCATATGATGTTAAAATGAAAGAAAAAGGAGATATTCCTGAGGGGTACAGTGTCTCTAGAGAGAAGAAGGAGCGCTTCTCCCTGATTCTGGAGTCCGCCAGCACCAACCAGACATCTATGTACCTCTGTGCCAGCAGTTTATTGGGGGTGTACGAGCAGTACTTCGGGCCGGGCACCAGGCTCACGGTCACAG	DVKVTQSSRYLVKRTGEKVFLECVQDMDHENMFWYRQDPGLGLRLIYFSYDVKMKEKGDIPEGYSVSREKKERFSLILESASTNQTSMYLCASSLLGVYEQYFGPGTRLTVT	TRBV28*01	TRBJ2-7*01	TRBD1*01
83	GAAGCTGGAGTTGCCCAGTCTCCCAGATATAAGATTATAGAGAAAAGGCAGAGTGTGGCTTTTTGGTGCAATCCTATATCTGGCCATGCTACCCTTTACTGGTACCAGCAGATCCTGGGACAGGGCCCAAAGCTTCTGATTCAGTTTCAGAATAACGGTGTAGTGGATGATTCACAGTTGCCTAAGGATCGATTTTCTGCAGAGAGGCTCAAAGGAGTAGACTCCACTCTCAAGATCCAGCCTGCAAAGCTTGAGGACTCGGCCGTGTATCTCTGTGCCAGCAGCTTTGTAGCGGGATATTATCAGCCCCAGCATTTTGGTGATGGGACTCGACTCTCCATCCTAG	EAGVAQSPRYKIIEKRQSVAFWCNPISGHATLYWYQQILGQGPKLLIQFQNNGVVDDSQLPKDRFSAERLKGVDSTLKIQPAKLEDSAVYLCASSFVAGYYQPQHFGDGTRLSIL	TRBV11-2*01	TRBJ1-5*01	TRBD2*02
84	GGTGCTGTCGTCTCTCAACATCCGAGCTGGGTTATCTGTAAGAGTGGAACCTCTGTGAAGATCGAGTGCCGTTCCCTGGACTTTCAGGCCACAACTATGTTTTGGTATCGTCAGTTCCCGAAACAGAGTCTCATGCTGATGGCAACTTCCAATGAGGGCTCCAAGGCCACATACGAGCAAGGCGTCGAGAAGGACAAGTTTCTCATCAACCATGCAAGCCTGACCTTGTCCACTCTGACAGTGACCAGTGCCCATCCTGAAGACAGCAGCTTCTACATCTGCAGTGCTAACCAGACCCCACTAGCGGGAGGGCCCCCTGAAAACGAGCAGTACTTCGGGCCGGGCACCAGGCTCACGGTCACAG	GAVVSQHPSWVICKSGTSVKIECRSLDFQATTMFWYRQFPKQSLMLMATSNEGSKATYEQGVEKDKFLINHASLTLSTLTVTSAHPEDSSFYICSANQTPLAGGPPENEQYFGPGTRLTVT	TRBV20-1*01	TRBJ2-7*01	TRBD2*02
85	GGAGCTGGAGTCTCCCAGTCCCCCAGTAACAAGGTCACAGAGAAGGGAAAGGATGTAGAGCTCAGGTGTGATCCAATTTCAGGTCATACTGCCCTTTACTGGTACCGACAGAGCCTGGGGCAGGGCCTGGAGTTTTTAATTTACTTCCAAGGCAACAGTGCACCAGACAAATCAGGGCTGCCCAGTGATCGCTTCTCTGCAGAGAGGACTGGGGGATCCGTCTCCACTCTGACGATCCAGCGCACACAGCAGGAGGACTCGGCCGTGTATCTCTGTGCCAGCAGCCCCTAACGGGACTAGCGGATGAGCAGTTCTTCGGGCCAGGGACACGGCTCACCGTGCTAG	GAGVSQSPSNKVTEKGKDVELRCDPISGHTALYWYRQSLGQGLEFLIYFQGNSAPDKSGLPSDRFSAERTGGSVSTLTIQRTQQEDSAVYLCASSP*RD*RMSSSSGQGHGSPC*	TRBV7-2*01	TRBJ2-1*01	TRBD2*02
86	AAGGCTGGAGTCACTCAAACTCCAAGATATCTGATCAAAACGAGAGGACAGCAAGTGACACTGAGCTGCTCCCCTATCTCTGGGCATAGGAGTGTATCCTGGTACCAACAGACCCCAGGACAGGGCCTTCAGTTCCTCTTTGAATACTTCAGTGAGACACAGAGAAACAAAGGAAACTTCCCTGGTCGATTCTCAGGGCGCCAGTTCTCTAACTCTCGCTCTGAGATGAATGTGAGCACCTTGGAGCTGGGGGACTCGGCCCTTTATCTTTGCGCCAGCAGCTTGGGGCGAGCGGAGCAGTACTTCGGGCCGGGCACCAGGCTCACGGTCACAG	KAGVTQTPRYLIKTRGQQVTLSCSPISGHRSVSWYQQTPGQGLQFLFEYFSETQRNKGNFPGRFSGRQFSNSRSEMNVSTLELGDSALYLCASSLGRAEQYFGPGTRLTVT	TRBV5-1*01	TRBJ2-7*01	TRBD2*02
87	GACACCAAGGTCACCCAGAGACCTAGACTTCTGGTCAAAGCAAGTGAACAGAAAGCAAAGATGGATTGTGTTCCTATAAAAGCACATAGTTATGTTTACTGGTATCGTAAGAAGCTGGAAGAAGAGCTCAAGTTTTTGGTTTACTTTCAGAATGAAGAACTTATTCAGAAAGCAGAAATAATCAATGAGCGATTTTTAGCCCAATGCTCCAAAAACTCATCCTGTACCTTGGAGATCCAGTCCACGGAGTCAGGGGACACAGCACTGTATTTCTGTGCCAGCAGCAAAGGTAGGGCAATCAGCCCCAGCATTTTGGTGATGGGACTCGACTCTCCATCCTAG	DTKVTQRPRLLVKASEQKAKMDCVPIKAHSYVYWYRKKLEEELKFLVYFQNEELIQKAEIINERFLAQCSKNSSCTLEIQSTESGDTALYFCASSKGRAISPSILVMGLDSPS*	TRBV21-1*01	TRBJ1-5*01	TRBD1*01
88	GATGCTGATGTTACCCAGACCCCAAGGAATAGGATCACAAAGACAGGAAAGAGGATTATGCTGGAATGTTCTCAGACTAAGGGTCATGATAGAATGTACTGGTATCGACAAGACCCAGGACTGGGCCTACGGTTGATCTATTACTCCTTTGATGTCAAAGATATAAACAAAGGAGAGATCTCTGATGGATACAGTGTCTCTCGACAGGCACAGGCTAAATTCTCCCTGTCCCTAGAGTCTGCCATCCCCAACCAGACAGCTCTTTACTTCTGTGCCACCAGTGAGAGCACTTTGACGGATAGGTTGCACAGATACGCAGTATTTTGGCCCAGGCACCCGGCTGACAGTGCTCG	DADVTQTPRNRITKTGKRIMLECSQTKGHDRMYWYRQDPGLGLRLIYYSFDVKDINKGEISDGYSVSRQAQAKFSLSLESAIPNQTALYFCATSESTLTDRLHRYAVFWPRHPADSA	TRBV24-1*01	TRBJ2-3*01	TRBD2*02
89	AATGCTGGTGTCACTCAGACCCCAAAATTCCACATCCTGAAGACAGGACAGAGCATGACACTGCAGTGTGCCCAGGATATGAACCATGGATACATGTCCTGGTATCGACAAGACCCAGGCATGGGGCTGAGACTGATTTACTACTCAGCTGCTGCTGGTACTACTGACAAAGAAGTCCCCAATGGCTACAATGTCTCTAGATTAAACACAGAGGATTTCCCACTCAGGCTGGTGTCGGCTGCTCCCTCCCAGACATCTGTGTACTTGTGTGCCAGCAACCAGTGAGCGGGGACGTAATGAGCAGTTCTTCGGGCCAGGGACACGGCTCACCGTGCTAG	NAGVTQTPKFHILKTGQSMTLQCAQDMNHGYMSWYRQDPGMGLRLIYYSAAAGTTDKEVPNGYNVSRLNTEDFPLRLVSAAPSQTSVYLCASNQ*AGT**AVLRARDTAHRA	TRBV6-8*01	TRBJ2-1*01	TRBD2*02
90	ATTGCTGGGATCACCCAGGCACCAACATCTCAGATCCTGGCAGCAGGACGGCGCATGACACTGAGATGTACCCAGGATATGAGACATAATGCCATGTACTGGTATAGACAAGATCTAGGACTGGGGCTAAGGCTCATCCATTATTCAAATACTGCAGGTACCACTGGCAAAGGAGAAGTCCCTGATGGTTATAGTGTCTCCAGAGCAAACACAGATGATTTCCCCCTCACGTTGGCGTCTGCTGTACCCTCTCAGACATCTGTGTACTTCTGTGCCAGCAGTGAAGCCCCAGGGAGCTATGGCTACACCTTCGGTTCGGGGACCAGGTTAACCGTTGTAG	IAGITQAPTSQILAAGRRMTLRCTQDMRHNAMYWYRQDLGLGLRLIHYSNTAGTTGKGEVPDGYSVSRANTDDFPLTLASAVPSQTSVYFCASSEAPGSYGYTFGSGTRLTVV	TRBV6-4*01	TRBJ1-2*01	TRBD1*01
91	GGTGCTGGAGTCTCCCAGTCCCCAAGGTACAAAGTCGCAAAGAGGGGACGGGATGTAGCTCTCAGGTGTGATTCAATTTCGGGTCATGTAACCCTTTATTGGTACCGACAGACCCTGGGGCAGGGCTCAGAGGTTCTGACTTACTCCCAGAGTGATGCTCAACGAGACAAATCAGGGCGGCCCAGTGGTCGGTTCTCTGCAGAGAGGCCTGAGAGATCCGTCTCCACTCTGAAGATCCAGCGCACAGAGCAGGGGGACTCAGCTGTGTATCTCTGTGCCAGCAGCTTAAGCTTTTCCTGTCAAGAATTCCACTAGCGGGGGATCACTGAAGCTTTCTTTGGACAAGGCACCAGACTCACAGTTGTAG	GAGVSQSPRYKVAKRGRDVALRCDSISGHVTLYWYRQTLGQGSEVLTYSQSDAQRDKSGRPSGRFSAERPERSVSTLKIQRTEQGDSAVYLCASSLSFSCQEFH*RGITEAFFGQGTRLTVV	TRBV7-4*01	TRBJ1-1*01	TRBD2*01
92	ATTGCTGGGATCACCCAGGCACCAACATCTCAGATCCTGGCAGCAGGACGGCGCATGACACTGAGATGTACCCAGGATATGAGACATAATGCCATGTACTGGTATAGACAAGATCTAGGACTGGGGCTAAGGCTCATCCATTATTCAAATACTGCAGGTACCACTGGCAAAGGAGAAGTCCCTGATGGTTATAGTGTCTCCAGAGCAAACACAGATGATTTCCCCCTCACGTTGGCGTCTGCTGTACCCTCTCAGACATCTGTGTACTTCTGTGCCAGCAGACAGGGATAATGAAAAACTGTTTTTTGGCAGTGGAACCCAGCTCTCTGTCTTGG	IAGITQAPTSQILAAGRRMTLRCTQDMRHNAMYWYRQDLGLGLRLIHYSNTAGTTGKGEVPDGYSVSRANTDDFPLTLASAVPSQTSVYFCASRQG**KTVFWQWNPALCL	TRBV6-4*01	TRBJ1-4*01	TRBD1*01
93	GACACCAAGGTCACCCAGAGACCTAGACTTCTGGTCAAAGCAAGTGAACAGAAAGCAAAGATGGATTGTGTTCCTATAAAAGCACATAGTTATGTTTACTGGTATCGTAAGAAGCTGGAAGAAGAGCTCAAGTTTTTGGTTTACTTTCAGAATGAAGAACTTATTCAGAAAGCAGAAATAATCAATGAGCGATTTTTAGCCCAATGCTCCAAAAACTCATCCTGTACCTTGGAGATCCAGTCCACGGAGTCAGGGGACACAGCACTGTATTTCTGTGCCAGCAGCAAAGGCTGACTAGCGGGCTACAATGAGCAGTTCTTCGGGCCAGGGACACGGCTCACCGTGCTAG	DTKVTQRPRLLVKASEQKAKMDCVPIKAHSYVYWYRKKLEEELKFLVYFQNEELIQKAEIINERFLAQCSKNSSCTLEIQSTESGDTALYFCASSKG*LAGYNEQFFGPGTRLTVL	TRBV21-1*01	TRBJ2-1*01	TRBD2*02
94	ATTGCTGGGATCACCCAGGCACCAACATCTCAGATCCTGGCAGCAGGACGGCGCATGACACTGAGATGTACCCAGGATATGAGACATAATGCCATGTACTGGTATAGACAAGATCTAGGACTGGGGCTAAGGCTCATCCATTATTCAAATACTGCAGGTACCACTGGCAAAGGAGAAGTCCCTGATGGTTATAGTGTCTCCAGAGCAAACACAGATGATTTCCCCCTCACGTTGGCGTCTGCTGTACCCTCTCAGACATCTGTGTACTTCTGTGCCAGCAGTGACTCGCACGGGCAACACTGAAGCTTTCTTTGGACAAGGCACCAGACTCACAGTTGTAG	IAGITQAPTSQILAAGRRMTLRCTQDMRHNAMYWYRQDLGLGLRLIHYSNTAGTTGKGEVPDGYSVSRANTDDFPLTLASAVPSQTSVYFCASSDSHGQH*SFLWTRHQTHSC	TRBV6-4*01	TRBJ1-1*01	TRBD1*01
95	AATGCTGGTGTCACTCAGACCCCAAAATTCCGCATCCTGAAGATAGGACAGAGCATGACACTGCAGTGTACCCAGGATATGAACCATAACTACATGTACTGGTATCGACAAGACCCAGGCATGGGGCTGAAGCTGATTTATTATTCAGTTGGTGCTGGTATCACTGATAAAGGAGAAGTCCCGAATGGCTACAACGTCTCCAGATCAACCACAGAGGATTTCCCGCTCAGGCTGGAGTTGGCTGCTCCCTCCCAGACATCTGTGTACTTCTGTGCCAGCAGTTCGGGGTAACTACCCCCTATACGACAGGGGCACAGATACGCAGTATTTTGGCCCAGGCACCCGGCTGACAGTGCTCG	NAGVTQTPKFRILKIGQSMTLQCTQDMNHNYMYWYRQDPGMGLKLIYYSVGAGITDKGEVPNGYNVSRSTTEDFPLRLELAAPSQTSVYFCASSSG*LPPIRQGHRYAVFWPRHPADSA	TRBV6-6*01	TRBJ2-3*01	TRBD1*01
96	AATGCTGGTGTCACTCAGACCCCAAAATTCCAGGTCCTGAAGACAGGACAGAGCATGACACTGCAGTGTGCCCAGGATATGAACCATGAATACATGTCCTGGTATCGACAAGACCCAGGCATGGGGCTGAGGCTGATTCATTACTCAGTTGGTGCTGGTATCACTGACCAAGGAGAAGTCCCCAATGGCTACAATGTCTCCAGATCAACCACAGAGGATTTCCCGCTCAGGCTGCTGTCGGCTGCTCCCTCCCAGACATCTGTGTACTTCTGTGCCAGCAGAATTGACAGCACTCTACGAGCAGTACTTCGGGCCGGGCACCAGGCTCACGGTCACAG	NAGVTQTPKFQVLKTGQSMTLQCAQDMNHEYMSWYRQDPGMGLRLIHYSVGAGITDQGEVPNGYNVSRSTTEDFPLRLLSAAPSQTSVYFCASRIDSTLRAVLRAGHQAHGH	TRBV6-5*01	TRBJ2-7*01	TRBD1*01
97	AATGCTGGTGTCACTCAGACCCCAAAATTCCAGGTCCTGAAGACAGGACAGAGCATGACACTGCAGTGTGCCCAGGATATGAACCATGAATACATGTCCTGGTATCGACAAGACCCAGGCATGGGGCTGAGGCTGATTCATTACTCAGTTGGTGCTGGTATCACTGACCAAGGAGAAGTCCCCAATGGCTACAATGTCTCCAGATCAACCACAGAGGATTTCCCGCTCAGGCTGCTGTCGGCTGCTCCCTCCCAGACATCTGTGTACTTCTGTGCCAGCAGTACCCTGGATCTTCGCGAACACCGGGGAGCTGTTTTTTGGAGAAGGCTCTAGGCTGACCGTACTGG	NAGVTQTPKFQVLKTGQSMTLQCAQDMNHEYMSWYRQDPGMGLRLIHYSVGAGITDQGEVPNGYNVSRSTTEDFPLRLLSAAPSQTSVYFCASSTLDLREHRGAVFWRRL*ADRT	TRBV6-5*01	TRBJ2-2*01	TRBD2*01
98	GATGCTGGCATTATCCAGTCACCCAAGCATGAGGTGACAGAAATGGGACAAACAGTGACTCTGAGATGTGAGCCAATTTTTGGCCACAATTTCCTTTTCTGGTACAGAGATACCTTCGTGCAGGGACTGGAATTGCTGAGTTACTTCCGGAGCTGATCTATTATAGATAATGCAGGTATGCCCACAGAGCGATTCTCAGCTGAGAGGCCTGATGGATCATTCTCTACTCTGAAGATCCAGCCTGCAGAGCAGGGGGACTCGGCCGTGTATGTCTGTGCAAGTCGCCCCAGAGCGGGATCTGGAAACACCATATATTTTGGAGAGGGAAGTTGGCTCACTGTTGTAG	DAGIIQSPKHEVTEMGQTVTLRCEPIFGHNFLFWYRDTFVQGLELLSYFRS*SIIDNAGMPTERFSAERPDGSFSTLKIQPAEQGDSAVYVCASRPRAGSGNTIYFGEGSWLTVV	TRBV12-2*01	TRBJ1-3*01	TRBD2*02
99	TCTCAGACTATTCATCAATGGCCAGCGACCCTGGTGCAGCCTGTGGGCAGCCCGCTCTCTCTGGAGTGCACTGTGGAGGGAACATCAAACCCCAACCTATACTGGTACCGACAGGCTGCAGGCAGGGGCCTCCAGCTGCTCTTCTACTCCGTTGGTATTGGCCAGATCAGCTCTGAGGTGCCCCAGAATCTCTCAGCCTCCAGACCCCAGGACCGGCAGTTCATCCTGAGTTCTAAGAAGCTCCTTCTCAGTGACTCTGGCTTCTATCTCTGTGCCTGGAGTGTACCCCCGGGACTAGCGGGAGGGGCCAAAAACATTCAGTACTTCGGCGCCGGGACCCGGCTCTCAGTGCTGG	SQTIHQWPATLVQPVGSPLSLECTVEGTSNPNLYWYRQAAGRGLQLLFYSVGIGQISSEVPQNLSASRPQDRQFILSSKKLLLSDSGFYLCAWSVPPGLAGGAKNIQYFGAGTRLSVL	TRBV30*01	TRBJ2-4*01	TRBD2*02
